Address,OwnedAcres,Property,PropertyID,SubArea,UnownedAcres,YearAcquired,Zip,_id__id,amenities_0,amenities_1,loc_lon,loc_lat,amenities_2,amenities_3,amenities_4,amenities_5,amenities_6,amenities_7,amenities_8,amenities_9,amenities_10,col_22,amenities_11,amenities_12,amenities_13,amenities_14,amenities_15,amenities_16,amenities_17,amenities_18,amenities_19,_created_at,_updated_at
SE 98th Ave & Stephens St,0.77,Cherry Blossom Park,1,OE,0,1995,97216,4ff75389c89f8f7b9f8f0100,paths : unpaved,picnic tables,-122.561931,45.509155,,,,,,,,,,,,,,,,,,,,Fri May 15 2015 16:34:02 GMT+0000 (UTC),Fri May 15 2015 16:34:02 GMT+0000 (UTC)
SE 110th Ave & Stephens St,10.33,Cherry Park,2,OE,0,1985,97216,4ff75389c89f8f7b9f900100,dog off-leash area,,-122.550905,45.509017,,,,,,,,,,,,,,,,,,,,Fri May 15 2015 16:34:02 GMT+0000 (UTC),Fri May 15 2015 16:34:02 GMT+0000 (UTC)
NW 3rd Ave & Everett St,0.9,Lan Su Chinese Garden,8,CC/NW,0,2000,97209,4ff75389c89f8f7b9f920100,public garden,gift shop,-122.672957,45.525664,,,,,,,,,,,,,,,,,,,,Fri May 15 2015 16:34:02 GMT+0000 (UTC),Fri May 15 2015 16:34:02 GMT+0000 (UTC)
SE 18th Ave & Clinton St,0.42,Clinton Community Garden,9,SE,0,1994,97214,4ff75389c89f8f7b9f930100,community garden,,-122.647342,45.50381,,,,,,,,,,,,,,,,,,,,Fri May 15 2015 16:34:02 GMT+0000 (UTC),Fri May 15 2015 16:34:02 GMT+0000 (UTC)
3350 SE Francis St,0.23,Community Music Center,21,SE,0,1969,97202,4ff75389c89f8f7b9f9b0100,community center,disabled access restroom,-122.630472,45.494557,historical site,meeting room : reservable,stage : indoor,,,,,,,,,,,,,,,,,Fri May 15 2015 16:34:02 GMT+0000 (UTC),Fri May 15 2015 16:34:02 GMT+0000 (UTC)
SW Hamilton Ct (off Landing Dr),0.67,Cottonwood Bay,22,SW,0,1995,97219,4ff75389c89f8f7b9f9c0100,natural area,,-122.671255,45.489887,,,,,,,,,,,,,,,,,,,,Fri May 15 2015 16:34:02 GMT+0000 (UTC),Fri May 15 2015 16:34:02 GMT+0000 (UTC)
9360 N Columbia Blvd,18.32,Chimney Park,5,N,0,1932,97203,4ff75389c89f8f7b9f910100,dog off-leash area,picnic tables,-122.758471,45.606707,,,,,,,,,,,,,,,,,,,,Fri May 15 2015 16:34:02 GMT+0000 (UTC),Fri May 15 2015 16:34:02 GMT+0000 (UTC)
SE 20th Ave & Taylor St,0.78,Colonel Summers Community Garden,11,SE,0,1975,97214,4ff75389c89f8f7b9f950100,community garden,,-122.645911,45.51553,,,,,,,,,,,,,,,,,,,,Fri May 15 2015 16:34:02 GMT+0000 (UTC),Fri May 15 2015 16:34:02 GMT+0000 (UTC)
10040 NE 6th Ave,28.8,"Columbia Children's Arboretum",15,NE,0,1999,97211,4ff75389c89f8f7b9f980100,natural area,arboretum,-122.65937,45.593822,,,,,,,,,,,,,,,,,,,,Fri May 15 2015 16:34:02 GMT+0000 (UTC),Fri May 15 2015 16:34:02 GMT+0000 (UTC)
NE 42nd Ave & Killingworth St,0.4,Cully Community Garden,28,NE,0,1993,97218,4ff75389c89f8f7b9fa10100,community garden,,-122.618628,45.562309,,,,,,,,,,,,,,,,,,,,Fri May 15 2015 16:34:02 GMT+0000 (UTC),Fri May 15 2015 16:34:02 GMT+0000 (UTC)
N Stanton St & Williams Ave,2.05,Dawson Park,33,NE,0,1921,97227,4ff75389c89f8f7b9fa30100,basketball court,disabled access play area,-122.667382,45.5442,disabled access restroom,paths : paved,picnic site : reservable,picnic tables,playground,stage,statue or public art,volleyball court,picnic shelter,,,,,,,,,,,Fri May 15 2015 16:34:02 GMT+0000 (UTC),Fri May 15 2015 16:34:02 GMT+0000 (UTC)
NE 22nd Ave & Killingsworth St,16.7,Alberta Park,49,NE,0,1921,97211,4ff75389c89f8f7b9fab0100,basketball court,disabled access play area,-122.644762,45.564473,disabled access restroom,dog off-leash area,paths : paved,paths : unpaved,picnic tables,playground,soccer field,softball field,tennis court,,,,,,,,,,,Fri May 15 2015 16:34:02 GMT+0000 (UTC),Fri May 15 2015 16:34:02 GMT+0000 (UTC)
SE 92nd Ave & Taylor St,6.38,Berrydale Park,59,SE,0,1956,97216,4ff75389c89f8f7b9fb40100,picnic tables,playground,-122.570539,45.514762,soccer field,softball field,,,,,,,,,,,,,,,,,,Fri May 15 2015 16:34:02 GMT+0000 (UTC),Fri May 15 2015 16:34:02 GMT+0000 (UTC)
SE 30th Ave & Crystal Springs Blvd,0,Eastmoreland Playground Park,109,SE,0,1916,97202,4ff75389c89f8f7b9fc50100,playground,,-122.632603,45.466222,,,,,,,,,,,,,,,,,,,,Fri May 15 2015 16:34:02 GMT+0000 (UTC),Fri May 15 2015 16:34:02 GMT+0000 (UTC)
NE 52nd Ave & Hassalo St,3.9,Frazer Park,130,NE,0,1950,97213,4ff75389c89f8f7b9fd50100,basketball court,dog off-leash area,-122.611457,45.530485,picnic tables,playground,,,,,,,,,,,,,,,,,,Fri May 15 2015 16:34:02 GMT+0000 (UTC),Fri May 15 2015 16:34:02 GMT+0000 (UTC)
SE 134th Ave & Foster Rd,4.39,Gilbert Primary Park,150,OE,0,1993,97236,4ff75389c89f8f7b9fdf0100,playground,,-122.526918,45.478254,,,,,,,,,,,,,,,,,,,,Fri May 15 2015 16:34:02 GMT+0000 (UTC),Fri May 15 2015 16:34:02 GMT+0000 (UTC)
SE 67th Ave & Harney St,7.13,Harney Park,173,SE,0,1979,97206,4ff75389c89f8f7b9fe90100,basketball court,disabled access restroom,-122.593235,45.462542,paths : paved,paths : unpaved,picnic tables,playground,soccer field,softball field,,,,,,,,,,,,,,Fri May 15 2015 16:34:02 GMT+0000 (UTC),Fri May 15 2015 16:34:02 GMT+0000 (UTC)
NE 11th Ave & Holladay St,4.34,Holladay Park,186,CC/NW,0,1870,97232,4ff75389c89f8f7b9ff20100,fountain,paths : paved,-122.653555,45.530756,picnic tables,statue or public art,,,,,,,,,,,,,,,,,,Fri May 15 2015 16:34:02 GMT+0000 (UTC),Fri May 15 2015 16:34:02 GMT+0000 (UTC)
SE 34th Ave & Holgate Blvd,8.33,Kenilworth Park,213,SE,0,1909,97202,4ff75389c89f8f7b9f030200,disabled access play area,disabled access picnic area,-122.631205,45.491343,paths : paved,picnic tables,playground,softball field,tennis court,volleyball court,,,,,,,,,,,,,,Fri May 15 2015 16:34:02 GMT+0000 (UTC),Fri May 15 2015 16:34:02 GMT+0000 (UTC)
N Denver Ave & Martin Luther King Jr Blvd,86.79,Delta Park,34,N,0,1950,97217,4ff75389c89f8f7b9fa40100,dog off-leash area,football field,-122.680193,45.598739,paths : paved,picnic tables,playground,soccer field,softball field,volleyball court,,,,,,,,,,,,,,Fri May 15 2015 16:34:02 GMT+0000 (UTC),Fri May 15 2015 16:34:02 GMT+0000 (UTC)
SW Naito Pkwy & Ankeny St,1.33,Ankeny Plaza,50,CC/NW,0,1948,97204,4ff75389c89f8f7b9fac0100,fountain,historical site,-122.670801,45.522046,statue or public art,,,,,,,,,,,,,,,,,,,Fri May 15 2015 16:34:02 GMT+0000 (UTC),Fri May 15 2015 16:34:02 GMT+0000 (UTC)
SE 100th Ave & Steele St,12.95,Bloomington Park,61,OE,0,1940,97266,4ff75389c89f8f7b9fb60100,baseball field,basketball court,-122.559518,45.485353,disabled access restroom,paths : paved,picnic tables,playground,soccer field,softball field,,,,,,,,,,,,,,Fri May 15 2015 16:34:02 GMT+0000 (UTC),Fri May 15 2015 16:34:02 GMT+0000 (UTC)
7720 SW Macadam Ave,1.07,Butterfly Park,93,SW,0,1984,97219,4ff75389c89f8f7b9fbe0100,natural area,paths : unpaved,-122.669974,45.469761,,,,,,,,,,,,,,,,,,,,Fri May 15 2015 16:34:02 GMT+0000 (UTC),Fri May 15 2015 16:34:02 GMT+0000 (UTC)
SE 19th Ave & Sparrow St,13.24,Elk Rock Island,113,SE,0,1955,97222,4ff75389c89f8f7b9fc80100,natural area,trails : hiking,-122.648017,45.435931,,,,,,,,,,,,,,,,,,,,Fri May 15 2015 16:34:02 GMT+0000 (UTC),Fri May 15 2015 16:34:02 GMT+0000 (UTC)
68 SW Miles St,8.21,Fulton Park,133,SW,0,1941,97219,4ff75389c89f8f7b9fd70100,basketball court,paths : unpaved,-122.680428,45.470564,picnic tables,playground,soccer field,,,,,,,,,,,,,,,,,Fri May 15 2015 16:34:02 GMT+0000 (UTC),Fri May 15 2015 16:34:02 GMT+0000 (UTC)
NE 82nd Ave & Siskiyou St,15.69,Glenhaven Park,153,NE,0,1948,97213,4ff75389c89f8f7b9fe10100,baseball field,disabled access play area,-122.580931,45.543588,disabled access restroom,paths : paved,picnic tables,playground,skatepark,soccer field,softball field,tennis court,,,,,,,,,,,,Fri May 15 2015 16:34:02 GMT+0000 (UTC),Fri May 15 2015 16:34:02 GMT+0000 (UTC)
SW Patrick Pl & Council Crest Dr,1.13,Healy Heights Park,178,SW,0,1951,97201,4ff75389c89f8f7b9fec0100,basketball court,playground,-122.698467,45.492822,soccer field,,,,,,,,,,,,,,,,,,,Fri May 15 2015 16:34:02 GMT+0000 (UTC),Fri May 15 2015 16:34:02 GMT+0000 (UTC)
SW 3rd Ave & Clay St,0.92,Keller Fountain Park,194,CC/NW,0,1968,97204,4ff75389c89f8f7b9ff50100,fountain,paths : paved,-122.679115,45.512726,statue or public art,,,,,,,,,,,,,,,,,,,Fri May 15 2015 16:34:02 GMT+0000 (UTC),Fri May 15 2015 16:34:02 GMT+0000 (UTC)
510 N Shaver St,4.5,Unthank Park,37,NE,0,1966,97227,4ff75389c89f8f7b9fa50100,baseball field,basketball court,-122.671219,45.551426,disabled access restroom,paths : paved,picnic tables,playground,,,,,,,,,,,,,,,,Fri May 15 2015 16:34:02 GMT+0000 (UTC),Fri May 15 2015 16:34:02 GMT+0000 (UTC)
SW 58th Ave & Miles St,9.79,April Hill Park,51,SW,0,1963,97219,4ff75389c89f8f7b9fad0100,disabled access play area,paths : paved,-122.735508,45.470399,paths : unpaved,picnic tables,playground,soccer field,softball field,,,,,,,,,,,,,,,Fri May 15 2015 16:34:02 GMT+0000 (UTC),Fri May 15 2015 16:34:02 GMT+0000 (UTC)
SE 60th Ave & Duke St,14.05,Brentwood Park,63,SE,0,1951,97206,4ff75389c89f8f7b9fb70100,dog off-leash area,paths : paved,-122.600889,45.473629,picnic tables,playground,soccer field,softball field,tennis court,volleyball court,,,,,,,,,,,,,,Fri May 15 2015 16:34:02 GMT+0000 (UTC),Fri May 15 2015 16:34:02 GMT+0000 (UTC)
N Edison St & Pittsburg Ave,23.09,Cathedral Park,97,N,0,1968,97203,4ff75389c89f8f7b9fbf0100,boat dock,boat ramp,-122.761341,45.587417,disabled access restroom,dog off-leash area,paths : paved,picnic tables,stage,canoe launch,,,,,,,,,,,,,,Fri May 15 2015 16:34:02 GMT+0000 (UTC),Fri May 15 2015 16:34:02 GMT+0000 (UTC)
NE 27th Ave & Everett St,0.39,Everett Community Garden,117,NE,0,1988,97232,4ff75389c89f8f7b9fcb0100,community garden,,-122.638482,45.524634,,,,,,,,,,,,,,,,,,,,Fri May 15 2015 16:34:02 GMT+0000 (UTC),Fri May 15 2015 16:34:02 GMT+0000 (UTC)
SW 41st Ave & Canby St,1.03,Gabriel Community Garden & Orchard,135,SW,0,1975,97219,4ff75389c89f8f7b9fd90100,community garden,,-122.719958,45.470359,,,,,,,,,,,,,,,,,,,,Fri May 15 2015 16:34:02 GMT+0000 (UTC),Fri May 15 2015 16:34:02 GMT+0000 (UTC)
SE 87th Ave & Claybourne St,7.46,Glenwood Park,154,SE,0,1941,97266,4ff75389c89f8f7b9fe20100,baseball field,disabled access play area,-122.572747,45.473868,disabled access restroom,paths : paved,paths : unpaved,picnic tables,playground,soccer field,horseshoe pit,,,,,,,,,,,,,Fri May 15 2015 16:34:02 GMT+0000 (UTC),Fri May 15 2015 16:34:02 GMT+0000 (UTC)
SW Corbett Ave & Lane St,0.09,Heritage Tree Park,179,CC/NW,0,1997,97201,4ff75389c89f8f7b9fed0100,,,-122.676283,45.495664,,,,,,,,,,,,,,,,,,,,Fri May 15 2015 16:34:02 GMT+0000 (UTC),Fri May 15 2015 16:34:02 GMT+0000 (UTC)
SE 37th Ave & Ivon St,0.19,Ivon Community Garden,197,SE,0,1978,97215,4ff75389c89f8f7b9ff70100,community garden,,-122.623736,45.504292,,,,,,,,,,,,,,,,,,,,Fri May 15 2015 16:34:02 GMT+0000 (UTC),Fri May 15 2015 16:34:02 GMT+0000 (UTC)
1805 SW DeWitt St,1.13,DeWitt Park,38,SW,0,1960,97239,4ff75389c89f8f7b9fa60100,picnic tables,playground,-122.693662,45.480463,,,,,,,,,,,,,,,,,,,,Fri May 15 2015 16:34:02 GMT+0000 (UTC),Fri May 15 2015 16:34:02 GMT+0000 (UTC)
NE 141st Ave & Failing St,8.85,Argay Park,53,OE,0,1984,97230,4ff75389c89f8f7b9faf0100,basketball court,dog off-leash area,-122.518391,45.551654,paths : paved,paths : unpaved,picnic tables,playground,soccer field,softball field,tennis court,tennis court :  lighted,,,,,,,,,,,,Fri May 15 2015 16:34:02 GMT+0000 (UTC),Fri May 15 2015 16:34:02 GMT+0000 (UTC)
SE 10th Ave & Haig St,2.37,Brooklyn Park,67,SE,0,1949,97202,4ff75389c89f8f7b9fb80100,basketball court,disabled access play area,-122.654968,45.498541,disabled access restroom,paths : paved,picnic tables,playground,softball field,statue or public art,horseshoe pit,,,,,,,,,,,,,Fri May 15 2015 16:34:02 GMT+0000 (UTC),Fri May 15 2015 16:34:02 GMT+0000 (UTC)
SW 4th Ave & Main St,0,Chapman Square,99,CC/NW,0,1869,97205,4ff75389c89f8f7b9fc00100,disabled access restroom,historical site,-122.677671,45.515392,paths : paved,statue or public art,,,,,,,,,,,,,,,,,,Fri May 15 2015 16:34:02 GMT+0000 (UTC),Fri May 15 2015 16:34:02 GMT+0000 (UTC)
SW 59th Ave & Hamilton St,7.32,Fanno Creek Natural Area,118,SW,0,1997,97221,4ff75389c89f8f7b9fcc0100,natural area,,-122.728705,45.4884,,,,,,,,,,,,,,,,,,,,Fri May 15 2015 16:34:02 GMT+0000 (UTC),Fri May 15 2015 16:34:02 GMT+0000 (UTC)
N Buffalo St & Burrage Ave,1.64,Gammans Park,137,N,0,1910,97217,4ff75389c89f8f7b9fdb0100,paths : paved,picnic tables,-122.693969,45.575368,playground,,,,,,,,,,,,,,,,,,,Fri May 15 2015 16:34:02 GMT+0000 (UTC),Fri May 15 2015 16:34:02 GMT+0000 (UTC)
Naito Pkwy between SW Harrison St & NW Glisan St,30.22,Waterfront Park,156,CC/NW,0,1927,97204,4ff75389c89f8f7b9fe30100,boat dock,disabled access restroom,-122.672229,45.516924,fountain,historical site,paths : paved,statue or public art,trails : biking,visitor attraction,,,,,,,,,,,,,,Fri May 15 2015 16:34:02 GMT+0000 (UTC),Fri May 15 2015 16:34:02 GMT+0000 (UTC)
3500 N Victory Blvd,340.36,Heron Lakes Golf Course,180,N,0,1950,97217,4ff75389c89f8f7b9fee0100,golf course,historical site,-122.704015,45.6033,,,,,,,,,,,,,,,,,,,,Fri May 15 2015 16:34:02 GMT+0000 (UTC),Fri May 15 2015 16:34:02 GMT+0000 (UTC)
SW Kingston Dr,0,Japanese Garden,200,CC/NW,0,1963,97201,4ff75389c89f8f7b9ff80100,public garden,gift shop,-122.707663,45.51873,visitor attraction,vista point,,,,,,,,,,,,,,,,,,Fri May 15 2015 16:34:02 GMT+0000 (UTC),Fri May 15 2015 16:34:02 GMT+0000 (UTC)
SW 55th Ave & Alfred Ct,18.7,Dickinson Park,39,SW,0,1993,97219,4ff75389c89f8f7b9fa70100,natural area,playground,-122.73501,45.449334,,,,,,,,,,,,,,,,,,,,Fri May 15 2015 16:34:02 GMT+0000 (UTC),Fri May 15 2015 16:34:02 GMT+0000 (UTC)
SW 53rd Ave & Dickinson St,5.15,Ash Creek Natural Area,55,SW,0,1997,97219,4ff75389c89f8f7b9fb00100,natural area,,-122.731517,45.448596,,,,,,,,,,,,,,,,,,,,Fri May 15 2015 16:34:02 GMT+0000 (UTC),Fri May 15 2015 16:34:02 GMT+0000 (UTC)
SE 15th Ave & Bush St,2.94,Brooklyn School Park,68,SE,0,1979,97202,4ff75389c89f8f7b9fb90100,paths : paved,picnic site : reservable,-122.650138,45.494641,picnic tables,playground,tennis court,,,,,,,,,,,,,,,,,Fri May 15 2015 16:34:02 GMT+0000 (UTC),Fri May 15 2015 16:34:02 GMT+0000 (UTC)
SE 112th Ave & Boise St,7.85,Earl Boyles Park,101,OE,0,1986,97266,4ff75389c89f8f7b9fc10100,disabled access play area,paths : paved,-122.550227,45.492654,paths : unpaved,picnic tables,playground,horseshoe pit,volleyball court,splash pad,,,,,,,,,,,,,,Fri May 15 2015 16:34:02 GMT+0000 (UTC),Fri May 15 2015 16:34:02 GMT+0000 (UTC)
SE 75th Ave & Flavel St,4.17,Flavel Park,123,SE,0,1953,97206,4ff75389c89f8f7b9fd00100,paths : paved,playground,-122.586103,45.467686,soccer field,,,,,,,,,,,,,,,,,,,Fri May 15 2015 16:34:02 GMT+0000 (UTC),Fri May 15 2015 16:34:02 GMT+0000 (UTC)
SW Terwilliger Blvd & Slavin Rd,32.36,George Himes Park,147,SW,0,1903,97201,4ff75389c89f8f7b9fdc0100,natural area,paths : paved,-122.683398,45.477665,paths : unpaved,picnic tables,trails : hiking,,,,,,,,,,,,,,,,,Fri May 15 2015 16:34:02 GMT+0000 (UTC),Fri May 15 2015 16:34:02 GMT+0000 (UTC)
SW 13th Ave & Davenport St,5.41,Governors Park,166,SW,0,1894,97201,4ff75389c89f8f7b9fe40100,natural area,,-122.692921,45.507141,,,,,,,,,,,,,,,,,,,,Fri May 15 2015 16:34:02 GMT+0000 (UTC),Fri May 15 2015 16:34:02 GMT+0000 (UTC)
SW 27th Ave & Hillsdale Hwy,5.17,Hillsdale Park,183,SW,0,1952,97201,4ff75389c89f8f7b9fef0100,dog off-leash area,picnic tables,-122.703986,45.481437,,,,,,,,,,,,,,,,,,,,Fri May 15 2015 16:34:02 GMT+0000 (UTC),Fri May 15 2015 16:34:02 GMT+0000 (UTC)
SW 18th Pl north of Broadleaf Dr,2.24,Jensen Natural Area,201,SW,0,1996,97219,4ff75389c89f8f7b9ff90100,natural area,,-122.696603,45.454749,,,,,,,,,,,,,,,,,,,,Fri May 15 2015 16:34:02 GMT+0000 (UTC),Fri May 15 2015 16:34:02 GMT+0000 (UTC)
SW 6th Ave & Sheridan St,14.08,Duniway Park,44,CC/NW,0,1918,97201,4ff75389c89f8f7b9fa80100,disabled access restroom,paths : paved,-122.684209,45.503693,picnic tables,playground,soccer field,track,horseshoe pit,,,,,,,,,,,,,,,Fri May 15 2015 16:34:02 GMT+0000 (UTC),Fri May 15 2015 16:34:02 GMT+0000 (UTC)
SE Cesar E Chavez Blvd & Bybee Blvd,6.45,Berkeley Park,57,SE,0,1941,97202,4ff75389c89f8f7b9fb20100,baseball field,disabled access play area,-122.624242,45.473155,disabled access restroom,paths : paved,picnic tables,playground,soccer field,softball field,tennis court,horseshoe pit,,,,,,,,,,,,Fri May 15 2015 16:34:02 GMT+0000 (UTC),Fri May 15 2015 16:34:02 GMT+0000 (UTC)
NE 12th Ave & Everett St,11.93,Buckman Field Park,90,NE,0,1920,97232,4ff75389c89f8f7b9fbb0100,baseball field,disabled access play area,-122.651779,45.525623,football field,paths : paved,paths : unpaved,picnic tables,playground,soccer field,softball field,track,,,,,,,,,,,,Fri May 15 2015 16:34:02 GMT+0000 (UTC),Fri May 15 2015 16:34:02 GMT+0000 (UTC)
2425 SE Bybee Blvd,139.95,Eastmoreland Golf Course,106,SE,0,1916,97202,4ff75389c89f8f7b9fc40100,golf course,,-122.636925,45.473532,,,,,,,,,,,,,,,,,,,,Fri May 15 2015 16:34:02 GMT+0000 (UTC),Fri May 15 2015 16:34:02 GMT+0000 (UTC)
2999 NW Miller Rd,2.93,Forest Heights Park,126,CC/NW,0,1995,97229,4ff75389c89f8f7b9fd20100,disabled access play area,paths : paved,-122.776112,45.543397,playground,,,,,,,,,,,,,,,,,,,Fri May 15 2015 16:34:02 GMT+0000 (UTC),Fri May 15 2015 16:34:02 GMT+0000 (UTC)
SE 130th Ave & Boise St,3.8,Gilbert Heights Park,149,OE,0,1993,97236,4ff75389c89f8f7b9fde0100,paths : paved,picnic tables,-122.531292,45.491867,soccer field,softball field,,,,,,,,,,,,,,,,,,Fri May 15 2015 16:34:02 GMT+0000 (UTC),Fri May 15 2015 16:34:02 GMT+0000 (UTC)
NE 90th Ave & Tillamook St,4.25,Hancock Park,171,NE,0,1941,97220,4ff75389c89f8f7b9fe70100,picnic tables,playground,-122.571923,45.536655,,,,,,,,,,,,,,,,,,,,Fri May 15 2015 16:34:02 GMT+0000 (UTC),Fri May 15 2015 16:34:02 GMT+0000 (UTC)
653 NW Culpepper Terr,3.43,Hillside Park,185,CC/NW,0,1974,97210,4ff75389c89f8f7b9ff10100,basketball court,disabled access play area,-122.709353,45.527531,paths : paved,paths : unpaved,picnic tables,playground,soccer field,tennis court,,,,,,,,,,,,,,Fri May 15 2015 16:34:02 GMT+0000 (UTC),Fri May 15 2015 16:34:02 GMT+0000 (UTC)
SE 103rd Ave & Clinton St,22.63,Kelly Butte Natural Area,210,OE,0,1954,97266,4ff75389c89f8f7b9f020200,natural area,trails : hiking,-122.554992,45.500692,,,,,,,,,,,,,,,,,,,,Fri May 15 2015 16:34:02 GMT+0000 (UTC),Fri May 15 2015 16:34:02 GMT+0000 (UTC)
4300 NW Cornell Rd,0.59,Adams Community Garden,45,CC/NW,0,1976,97210,4ff75389c89f8f7b9fa90100,community garden,raceway,-122.727219,45.526207,,,,,,,,,,,,,,,,,,,,Fri May 15 2015 16:34:02 GMT+0000 (UTC),Fri May 15 2015 16:34:02 GMT+0000 (UTC)
SE 90th Ave & Taylor St,0.47,Berrydale Community Garden,58,SE,0,1976,97216,4ff75389c89f8f7b9fb30100,community garden,,-122.571043,45.515227,,,,,,,,,,,,,,,,,,,,Fri May 15 2015 16:34:02 GMT+0000 (UTC),Fri May 15 2015 16:34:02 GMT+0000 (UTC)
SE 33rd Ave & Stark St,0.14,Blair Community Garden,60,SE,0,1991,97214,4ff75389c89f8f7b9fb50100,community garden,,-122.631339,45.518866,,,,,,,,,,,,,,,,,,,,Fri May 15 2015 16:34:02 GMT+0000 (UTC),Fri May 15 2015 16:34:02 GMT+0000 (UTC)
SW 12th Ave & Falcon St,4.64,Burlingame Park,92,SW,0,1949,97219,4ff75389c89f8f7b9fbd0100,disabled access play area,paths : unpaved,-122.690962,45.467211,picnic tables,playground,soccer field,softball field,,,,,,,,,,,,,,,,Fri May 15 2015 16:34:02 GMT+0000 (UTC),Fri May 15 2015 16:34:02 GMT+0000 (UTC)
SE 141st Ave & Crystal Springs St,3.52,Eastridge Park,110,OE,0,1981,97236,4ff75389c89f8f7b9fc60100,basketball court,paths : paved,-122.517751,45.464827,picnic tables,playground,,,,,,,,,,,,,,,,,,Fri May 15 2015 16:34:02 GMT+0000 (UTC),Fri May 15 2015 16:34:02 GMT+0000 (UTC)
SW 3rd Ave & Miles St,1.77,Fulton Community Garden & Display Garden,132,SW,0,1974,97219,4ff75389c89f8f7b9fd60100,community garden,,-122.681724,45.470576,,,,,,,,,,,,,,,,,,,,Fri May 15 2015 16:34:02 GMT+0000 (UTC),Fri May 15 2015 16:34:02 GMT+0000 (UTC)
NE 154th Ave & Couch Ct,5.07,Glenfair Park,152,OE,0,1989,97230,4ff75389c89f8f7b9fe00100,soccer field,softball field,-122.505167,45.523878,,,,,,,,,,,,,,,,,,,,Fri May 15 2015 16:34:02 GMT+0000 (UTC),Fri May 15 2015 16:34:02 GMT+0000 (UTC)
SE 84th Ave & Harrison St,4.63,Harrison Park,175,SE,0,1946,97216,4ff75389c89f8f7b9fea0100,disabled access play area,paths : paved,-122.576345,45.508395,playground,soccer field,softball field,,,,,,,,,,,,,,,,,Fri May 15 2015 16:34:02 GMT+0000 (UTC),Fri May 15 2015 16:34:02 GMT+0000 (UTC)
5340 N Interstate Ave,0,Interstate Firehouse Cultural Center,191,N,0,1966,97217,4ff75389c89f8f7b9ff40100,,,-122.681883,45.56176,,,,,,,,,,,,,,,,,,,,Fri May 15 2015 16:34:02 GMT+0000 (UTC),Fri May 15 2015 16:34:02 GMT+0000 (UTC)
SW Dosch Rd & Mitchell St,12.08,Albert Kelly Park,48,SW,0,1956,97221,4ff75389c89f8f7b9faa0100,paths : unpaved,picnic tables,-122.713811,45.486017,playground,soccer field,volleyball court,,,,,,,,,,,,,,,,,Fri May 15 2015 16:34:02 GMT+0000 (UTC),Fri May 15 2015 16:34:02 GMT+0000 (UTC)
SE 18th Ave & Oak St,0.15,Buckman Community Garden,89,SE,0,1980,97214,4ff75389c89f8f7b9fba0100,community garden,,-122.648062,45.520086,,,,,,,,,,,,,,,,,,,,Fri May 15 2015 16:34:02 GMT+0000 (UTC),Fri May 15 2015 16:34:02 GMT+0000 (UTC)
SE Water Ave & Hawthorne Blvd,0.12,Eastbank Esplanade,105,SE,0,1998,97214,4ff75389c89f8f7b9fc30100,boat dock,paths : paved,-122.667,45.51982,statue or public art,trails : biking,trails : hiking,visitor attraction,vista point,canoe launch,,,,,,,,,,,,,,Fri May 15 2015 16:34:02 GMT+0000 (UTC),Fri May 15 2015 16:34:02 GMT+0000 (UTC)
SE 111th Ave & Alder St,7.65,Floyd Light Park,124,OE,0,1985,97216,4ff75389c89f8f7b9fd10100,paths : unpaved,softball field,-122.552343,45.515873,,,,,,,,,,,,,,,,,,,,Fri May 15 2015 16:34:02 GMT+0000 (UTC),Fri May 15 2015 16:34:02 GMT+0000 (UTC)
N Burr Ave & Fessenden St,2.02,George Park,148,N,0,1971,97203,4ff75389c89f8f7b9fdd0100,disabled access play area,paths : paved,-122.739125,45.593662,picnic tables,playground,,,,,,,,,,,,,,,,,,Fri May 15 2015 16:34:02 GMT+0000 (UTC),Fri May 15 2015 16:34:02 GMT+0000 (UTC)
SW 45th Ave & Hamilton St,10.18,Hamilton Park,170,SW,0,1955,97221,4ff75389c89f8f7b9fe60100,paths : paved,playground,-122.721531,45.491523,soccer field,softball field,tennis court,,,,,,,,,,,,,,,,,Fri May 15 2015 16:34:02 GMT+0000 (UTC),Fri May 15 2015 16:34:02 GMT+0000 (UTC)
653 NW Culpepper Terr,0,Hillside Community Center,184,CC/NW,0,1974,97210,4ff75389c89f8f7b9ff00100,basketball court : indoor,community center,-122.709651,45.527789,meeting room : reservable,party room : reservable,rock climbing wall,,,,,,,,,,,,,,,,,Fri May 15 2015 16:34:02 GMT+0000 (UTC),Fri May 15 2015 16:34:02 GMT+0000 (UTC)
NE 128th Ave & Brazee St,10.85,John Luby Park,202,OE,0,1985,97230,4ff75389c89f8f7b9ffa0100,disabled access play area,paths : paved,-122.531036,45.539896,paths : unpaved,picnic tables,playground,,,,,,,,,,,,,,,,,Fri May 15 2015 16:34:02 GMT+0000 (UTC),Fri May 15 2015 16:34:02 GMT+0000 (UTC)
SW 57th Ave & Haines St,8.39,Lesser Park,236,SW,0,1988,97219,4ff75389c89f8f7b9f120200,natural area,paths : unpaved,-122.736325,45.437956,,,,,,,,,,,,,,,,,,,,Fri May 15 2015 16:34:02 GMT+0000 (UTC),Fri May 15 2015 16:34:02 GMT+0000 (UTC)
N Edison St & John Ave,0.99,Johns Community Garden,203,N,0,1974,97203,4ff75389c89f8f7b9ffb0100,community garden,,-122.755505,45.586129,,,,,,,,,,,,,,,,,,,,Fri May 15 2015 16:34:02 GMT+0000 (UTC),Fri May 15 2015 16:34:02 GMT+0000 (UTC)
8417 N Brandon Ave,11.91,Kenton Park,215,N,0,1941,97217,4ff75389c89f8f7b9f050200,basketball court,disabled access restroom,-122.690621,45.583456,paths : paved,picnic tables,playground,soccer field,softball field,splash pad,,,,,,,,,,,,,,Fri May 15 2015 16:34:02 GMT+0000 (UTC),Fri May 15 2015 16:34:02 GMT+0000 (UTC)
N Tomahawk Island Dr,1.72,Lotus Isle Park,241,NE,0,1992,97217,4ff75389c89f8f7b9f160200,paths : paved,picnic tables,-122.673656,45.607013,playground,,,,,,,,,,,,,,,,,,,Fri May 15 2015 16:34:02 GMT+0000 (UTC),Fri May 15 2015 16:34:02 GMT+0000 (UTC)
10608 SW 30th Ave,17.25,Maricara Natural Area,249,SW,0,1988,97219,4ff75389c89f8f7b9f1e0200,natural area,trails : hiking,-122.704969,45.449038,,,,,,,,,,,,,,,,,,,,Fri May 15 2015 16:34:02 GMT+0000 (UTC),Fri May 15 2015 16:34:02 GMT+0000 (UTC)
SE 117th Ave & Mill Ct,5.75,Mill Park,266,OE,0,1986,97216,4ff75389c89f8f7b9f260200,paths : unpaved,picnic tables,-122.539661,45.50944,,,,,,,,,,,,,,,,,,,,Fri May 15 2015 16:34:02 GMT+0000 (UTC),Fri May 15 2015 16:34:02 GMT+0000 (UTC)
SW 1st to 4th Ave - Market to Harrison St,0.8,Pettygrove Park,511,CC/NW,0,1966,97204,4ff75389c89f8f7b9f420200,fountain,paths : paved,-122.678922,45.511009,statue or public art,,,,,,,,,,,,,,,,,,,Fri May 15 2015 16:34:02 GMT+0000 (UTC),Fri May 15 2015 16:34:02 GMT+0000 (UTC)
8200 SW Scholls Ferry Rd,164.44,RedTail Golf Course,562,SW,0,1954,97005,4ff75389c89f8f7b9f4f0200,golf course,,-122.774681,45.459104,,,,,,,,,,,,,,,,,,,,Fri May 15 2015 16:34:02 GMT+0000 (UTC),Fri May 15 2015 16:34:02 GMT+0000 (UTC)
SE Spokane St & Oaks Pkwy,7.62,Sellwood Riverfront Park,668,SE,0,1969,97202,4ff75389c89f8f7b9f5d0200,boat dock,disabled access restroom,-122.663468,45.466613,dog off-leash area,paths : paved,paths : unpaved,picnic tables,canoe launch,,,,,,,,,,,,,,,Fri May 15 2015 16:34:02 GMT+0000 (UTC),Fri May 15 2015 16:34:02 GMT+0000 (UTC)
8427 N Central St,0,St Johns Community Center,680,N,0,1948,97203,4ff75389c89f8f7b9f640200,basketball court : indoor,community center,-122.752117,45.592201,gymnasium,kitchen : reservable,meeting room : reservable,party room : reservable,stage : indoor,rock climbing wall,,,,,,,,,,,,,,Fri May 15 2015 16:34:02 GMT+0000 (UTC),Fri May 15 2015 16:34:02 GMT+0000 (UTC)
SE 21st Ave & Clatsop St,4.51,Johnson Creek Park,205,SE,0,1920,97202,4ff75389c89f8f7b9ffd0100,natural area,paths : paved,-122.642256,45.460603,picnic tables,playground,,,,,,,,,,,,,,,,,,Fri May 15 2015 16:34:02 GMT+0000 (UTC),Fri May 15 2015 16:34:02 GMT+0000 (UTC)
SE 67th Ave & Center St,1.62,Kern Park,216,SE,0,1940,97206,4ff75389c89f8f7b9f060200,basketball court,disabled access play area,-122.594786,45.493426,paths : paved,playground,softball field,,,,,,,,,,,,,,,,,Fri May 15 2015 16:34:02 GMT+0000 (UTC),Fri May 15 2015 16:34:02 GMT+0000 (UTC)
SW 3rd Ave & Harrison St,0.75,Lovejoy Fountain Park,242,CC/NW,0,1963,97204,4ff75389c89f8f7b9f170200,fountain,paths : paved,-122.679813,45.509296,,,,,,,,,,,,,,,,,,,,Fri May 15 2015 16:34:02 GMT+0000 (UTC),Fri May 15 2015 16:34:02 GMT+0000 (UTC)
SW Marquam St & Sam Jackson Park Rd,178.25,Marquam Nature Park,251,SW,0,1979,97201,4ff75389c89f8f7b9f1f0200,natural area,paths : paved,-122.693811,45.497016,trails : hiking,,,,,,,,,,,,,,,,,,,Fri May 15 2015 16:34:02 GMT+0000 (UTC),Fri May 15 2015 16:34:02 GMT+0000 (UTC)
SE 72nd Ave & Harold St,11.22,Mt Scott Park,271,SE,0,1922,97206,4ff75389c89f8f7b9f280200,disabled access play area,disabled access restroom,-122.588065,45.481512,disabled access picnic area,paths : paved,paths : unpaved,picnic site : reservable,picnic tables,playground,softball field,tennis court,horseshoe pit,,,,,,,,,,,Fri May 15 2015 16:34:02 GMT+0000 (UTC),Fri May 15 2015 16:34:02 GMT+0000 (UTC)
455 SE Spokane St,1.41,Oaks Pioneer Church & Park,492,SE,0,1958,97202,4ff75389c89f8f7b9f390200,historical site,paths : paved,-122.661518,45.465715,wedding site : reservable,,,,,,,,,,,,,,,,,,,Fri May 15 2015 16:34:02 GMT+0000 (UTC),Fri May 15 2015 16:34:02 GMT+0000 (UTC)
16160 SE Powell Blvd,611.98,Powell Butte Nature Park,528,OE,0,1925,97236,4ff75389c89f8f7b9f4b0200,disabled access restroom,natural area,-122.504874,45.486218,trails : biking,trails : equestrian,trails : hiking,vista point,,,,,,,,,,,,,,,,Fri May 15 2015 16:34:02 GMT+0000 (UTC),Fri May 15 2015 16:34:02 GMT+0000 (UTC)
NE 19th Ave & Skidmore St,0.1,Sabin Community Garden,578,NE,0,1995,97212,4ff75389c89f8f7b9f560200,community garden,,-122.645595,45.554565,,,,,,,,,,,,,,,,,,,,Fri May 15 2015 16:34:02 GMT+0000 (UTC),Fri May 15 2015 16:34:02 GMT+0000 (UTC)
SW Bertha Blvd & Chestnut St,3.38,Stephens Creek Nature Park,711,SW,0,1996,97219,4ff75389c89f8f7b9f670200,natural area,,-122.693715,45.472011,,,,,,,,,,,,,,,,,,,,Fri May 15 2015 16:34:02 GMT+0000 (UTC),Fri May 15 2015 16:34:02 GMT+0000 (UTC)
5736 NE 33rd Ave,0.29,Kennedy Community Garden,214,NE,0,1999,97211,4ff75389c89f8f7b9f040200,community garden,,-122.628893,45.564237,,,,,,,,,,,,,,,,,,,,Fri May 15 2015 16:34:02 GMT+0000 (UTC),Fri May 15 2015 16:34:02 GMT+0000 (UTC)
NW 105th Ave & St Helens Rd,0,Linnton Park,240,CC/NW,0,1938,97231,4ff75389c89f8f7b9f150200,natural area,,-122.79534,45.596139,,,,,,,,,,,,,,,,,,,,Fri May 15 2015 16:34:02 GMT+0000 (UTC),Fri May 15 2015 16:34:02 GMT+0000 (UTC)
NE Killingsworth St & Mallory St,0.15,Mallory Meadows Park,248,NE,0,1998,97211,4ff75389c89f8f7b9f1d0200,paths : unpaved,playground,-122.663387,45.562534,,,,,,,,,,,,,,,,,,,,Fri May 15 2015 16:34:02 GMT+0000 (UTC),Fri May 15 2015 16:34:02 GMT+0000 (UTC)
NE 13th Ave & Holman St,0.13,Holman Park,402,NE,0,1974,97211,4ff75389c89f8f7b9f2f0200,paths : paved,picnic tables,-122.652296,45.56813,,,,,,,,,,,,,,,,,,,,Fri May 15 2015 16:34:02 GMT+0000 (UTC),Fri May 15 2015 16:34:02 GMT+0000 (UTC)
N Willamette Blvd to Columbia Blvd,1.43,Peninsula Crossing Trail,506,N,0,1996,97203,4ff75389c89f8f7b9f3f0200,trails : biking,trails : hiking,-122.730617,45.589773,,,,,,,,,,,,,,,,,,,,Fri May 15 2015 16:34:02 GMT+0000 (UTC),Fri May 15 2015 16:34:02 GMT+0000 (UTC)
SW Macadam Ave south of the Sellwood Bridge,14.25,Powers Marine Park,531,SW,0,1926,97219,4ff75389c89f8f7b9f4d0200,natural area,paths : unpaved,-122.665456,45.459728,picnic tables,,,,,,,,,,,,,,,,,,,Fri May 15 2015 16:34:02 GMT+0000 (UTC),Fri May 15 2015 16:34:02 GMT+0000 (UTC)
1436 SE Spokane St,0.23,Sellwood Community Center,663,SE,0,1920,97202,4ff75389c89f8f7b9f5b0200,basketball court : indoor,community center,-122.65132,45.464815,gymnasium,kitchen : reservable,meeting room : reservable,party room : reservable,picnic tables,playground,wedding site : reservable,,,,,,,,,,,,,Fri May 15 2015 16:34:02 GMT+0000 (UTC),Fri May 15 2015 16:34:02 GMT+0000 (UTC)
"SE Ivon St to Boring, OR",240.99,Springwater Corridor,679,SE,0,1990,NA,4ff75389c89f8f7b9f630200,disabled access restroom,natural area,-122.526588,45.473991,paths : paved,picnic tables,trails : biking,trails : equestrian,trails : hiking,vista point,,,,,,,,,,,,,,Fri May 15 2015 16:34:02 GMT+0000 (UTC),Fri May 15 2015 16:34:02 GMT+0000 (UTC)
N Hamlin Ave & Trenton St,2.3,Trenton Park,820,N,0,1941,97217,4ff75389c89f8f7b9f740200,basketball court,picnic tables,-122.701912,45.587863,playground,,,,,,,,,,,,,,,,,,,Fri May 15 2015 16:34:02 GMT+0000 (UTC),Fri May 15 2015 16:34:02 GMT+0000 (UTC)
SE 16th Ave & Harrison St,1.56,"Ladd's Circle & Squares",221,SE,0,1981,97214,4ff75389c89f8f7b9f0b0200,rose garden,,-122.649401,45.508534,,,,,,,,,,,,,,,,,,,,Fri May 15 2015 16:34:02 GMT+0000 (UTC),Fri May 15 2015 16:34:02 GMT+0000 (UTC)
SW 4th Ave & Main St,0,Lownsdale Square,243,CC/NW,0,1869,97205,4ff75389c89f8f7b9f180200,disabled access restroom,historical site,-122.677311,45.516058,paths : paved,statue or public art,,,,,,,,,,,,,,,,,,Fri May 15 2015 16:34:02 GMT+0000 (UTC),Fri May 15 2015 16:34:02 GMT+0000 (UTC)
SE 122nd Ave & Morrison St,1.87,Midland Park,264,OE,0,1986,97233,4ff75389c89f8f7b9f240200,natural area,paths : unpaved,-122.539523,45.516392,picnic tables,statue or public art,,,,,,,,,,,,,,,,,,Fri May 15 2015 16:34:02 GMT+0000 (UTC),Fri May 15 2015 16:34:02 GMT+0000 (UTC)
NW Park Ave from Ankeny St to Glisan St,3.11,North Park Blocks,447,CC/NW,0,1869,97209,4ff75389c89f8f7b9f330200,basketball court,bocce court,-122.678822,45.525174,disabled access play area,historical site,paths : paved,playground,statue or public art,,,,,,,,,,,,,,,Fri May 15 2015 16:34:02 GMT+0000 (UTC),Fri May 15 2015 16:34:02 GMT+0000 (UTC)
NE 30th Ave & Oregon St,3.78,Oregon Park,495,NE,0,1940,97232,4ff75389c89f8f7b9f3a0200,basketball court,disabled access play area,-122.635211,45.527891,disabled access restroom,disabled access picnic area,paths : paved,picnic tables,playground,,,,,,,,,,,,,,,Fri May 15 2015 16:34:02 GMT+0000 (UTC),Fri May 15 2015 16:34:02 GMT+0000 (UTC)
1940 N Victory Blvd,291.15,Portland International Raceway,524,N,0,1972,97217,4ff75389c89f8f7b9f480200,dog off-leash area,raceway,-122.695201,45.596466,visitor attraction,,,,,,,,,,,,,,,,,,,Fri May 15 2015 16:34:02 GMT+0000 (UTC),Fri May 15 2015 16:34:02 GMT+0000 (UTC)
2200 NE 71st Ave,150.72,Rose City Golf Course,570,NE,0,1920,97213,4ff75389c89f8f7b9f520200,golf course,,-122.589777,45.539564,,,,,,,,,,,,,,,,,,,,Fri May 15 2015 16:34:02 GMT+0000 (UTC),Fri May 15 2015 16:34:02 GMT+0000 (UTC)
NE 75th & Roselawn St,4.89,Sacajawea Park,580,NE,0,1985,97218,4ff75389c89f8f7b9f570200,dog off-leash area,,-122.585867,45.559468,,,,,,,,,,,,,,,,,,,,Fri May 15 2015 16:34:02 GMT+0000 (UTC),Fri May 15 2015 16:34:02 GMT+0000 (UTC)
3332 SW Spring Garden St,4.65,Spring Garden Park,678,SW,0,1999,97219,4ff75389c89f8f7b9f620200,nature play area,,-122.710864,45.462636,,,,,,,,,,,,,,,,,,,,Fri May 15 2015 16:34:02 GMT+0000 (UTC),Fri May 15 2015 16:34:02 GMT+0000 (UTC)
SE 64th St & Foster Rd,0.37,Laurelwood Park,225,SE,0,1923,97206,4ff75389c89f8f7b9f0e0200,paths : unpaved,,-122.597219,45.49013,,,,,,,,,,,,,,,,,,,,Fri May 15 2015 16:34:02 GMT+0000 (UTC),Fri May 15 2015 16:34:02 GMT+0000 (UTC)
SE 165th Ave & Market St,7.62,Lynchview Park,244,OE,0,1993,97233,4ff75389c89f8f7b9f190200,soccer field,,-122.493232,45.511395,,,,,,,,,,,,,,,,,,,,Fri May 15 2015 16:34:02 GMT+0000 (UTC),Fri May 15 2015 16:34:02 GMT+0000 (UTC)
NE 117th Ave & Thompson St,1,Merrifield Park,261,OE,0,1985,97220,4ff75389c89f8f7b9f230200,playground,softball field,-122.540734,45.538307,,,,,,,,,,,,,,,,,,,,Fri May 15 2015 16:34:02 GMT+0000 (UTC),Fri May 15 2015 16:34:02 GMT+0000 (UTC)
SW Park Ave & Washington St,0.5,O Bryant Square,488,CC/NW,0,1973,97205,4ff75389c89f8f7b9f360200,statue or public art,,-122.679959,45.521344,,,,,,,,,,,,,,,,,,,,Fri May 15 2015 16:34:02 GMT+0000 (UTC),Fri May 15 2015 16:34:02 GMT+0000 (UTC)
SE 27th Ave & Division St,0.57,Piccolo Park,512,SE,0,1989,97202,4ff75389c89f8f7b9f430200,paths : paved,playground,-122.638097,45.504078,statue or public art,,,,,,,,,,,,,,,,,,,Fri May 15 2015 16:34:02 GMT+0000 (UTC),Fri May 15 2015 16:34:02 GMT+0000 (UTC)
SE 47th Ave & Ivon St,0.3,Ivon Street Park,565,SE,0,1989,97206,4ff75389c89f8f7b9f500200,paths : paved,playground,-122.614407,45.504136,,,,,,,,,,,,,,,,,,,,Fri May 15 2015 16:34:02 GMT+0000 (UTC),Fri May 15 2015 16:34:02 GMT+0000 (UTC)
SE 31st Ave & Market St,0.76,Sewallcrest Community Garden,669,SE,0,1974,97214,4ff75389c89f8f7b9f5e0200,community garden,,-122.633137,45.510473,,,,,,,,,,,,,,,,,,,,Fri May 15 2015 16:34:02 GMT+0000 (UTC),Fri May 15 2015 16:34:02 GMT+0000 (UTC)
8427 N Central St,5.77,St Johns Park,681,N,0,1941,97203,4ff75389c89f8f7b9f650200,disabled access play area,paths : paved,-122.752147,45.592784,picnic tables,playground,soccer field,softball field,,,,,,,,,,,,,,,,Fri May 15 2015 16:34:02 GMT+0000 (UTC),Fri May 15 2015 16:34:02 GMT+0000 (UTC)
9009 N Foss Ave,11.26,University Park,824,N,0,1953,97217,4ff75389c89f8f7b9f750200,disabled access play area,disabled access restroom,-122.710043,45.587339,paths : paved,picnic tables,playground,soccer field,softball field,statue or public art,,,,,,,,,,,,,,Fri May 15 2015 16:34:02 GMT+0000 (UTC),Fri May 15 2015 16:34:02 GMT+0000 (UTC)
SE 88th Ave & Steele St,0.41,Lents Community Garden,231,SE,0,1976,97266,4ff75389c89f8f7b9f100200,community garden,,-122.571405,45.485116,,,,,,,,,,,,,,,,,,,,Fri May 15 2015 16:34:02 GMT+0000 (UTC),Fri May 15 2015 16:34:02 GMT+0000 (UTC)
SE 170th Ave & Haig St,8.46,Lynchwood Park,245,OE,0,1993,97266,4ff75389c89f8f7b9f1a0200,dog off-leash area,paths : unpaved,-122.486524,45.498325,picnic tables,,,,,,,,,,,,,,,,,,,Fri May 15 2015 16:34:02 GMT+0000 (UTC),Fri May 15 2015 16:34:02 GMT+0000 (UTC)
SW 18th Place,25.88,Marshall Park,252,SW,0,1948,97219,4ff75389c89f8f7b9f200200,natural area,paths : unpaved,-122.692436,45.453841,picnic tables,trails : hiking,,,,,,,,,,,,,,,,,,Fri May 15 2015 16:34:02 GMT+0000 (UTC),Fri May 15 2015 16:34:02 GMT+0000 (UTC)
7688 SW Capitol Hwy,5.92,Multnomah Arts Center,292,SW,0,1984,97219,4ff75389c89f8f7b9f2a0200,basketball court,community center,-122.710089,45.467955,gymnasium,kitchen : reservable,meeting room : reservable,party room : reservable,picnic tables,playground,wedding site : reservable,wireless Internet access,,,,,,,,,,,,Fri May 15 2015 16:34:02 GMT+0000 (UTC),Fri May 15 2015 16:34:02 GMT+0000 (UTC)
N Interstate Ave & Emerson St,1.26,Patton Square Park,502,N,0,1960,97217,4ff75389c89f8f7b9f3d0200,paths : paved,picnic tables,-122.681616,45.561546,playground,,,,,,,,,,,,,,,,,,,Fri May 15 2015 16:34:02 GMT+0000 (UTC),Fri May 15 2015 16:34:02 GMT+0000 (UTC)
N Stanford Ave & Depauw St,4.02,Portsmouth Park,527,N,0,1941,97203,4ff75389c89f8f7b9f4a0200,playground,soccer field,-122.724227,45.578873,softball field,,,,,,,,,,,,,,,,,,,Fri May 15 2015 16:34:02 GMT+0000 (UTC),Fri May 15 2015 16:34:02 GMT+0000 (UTC)
NE 68th Ave & Hassalo St,2.31,Rosemont Bluff Natural Area,575,NE,0,1995,97213,4ff75389c89f8f7b9f550200,natural area,,-122.593305,45.530965,,,,,,,,,,,,,,,,,,,,Fri May 15 2015 16:34:02 GMT+0000 (UTC),Fri May 15 2015 16:34:02 GMT+0000 (UTC)
SW Park Ave from Salmon St to Jackson St,8.76,South Park Blocks,674,CC/NW,0,1869,97205,4ff75389c89f8f7b9f610200,fountain,historical site,-122.684503,45.512716,paths : paved,playground,statue or public art,,,,,,,,,,,,,,,,,Fri May 15 2015 16:34:02 GMT+0000 (UTC),Fri May 15 2015 16:34:02 GMT+0000 (UTC)
SE 34th Ave & Taylor St,1.91,Sunnyside School Park,715,SE,0,2000,97214,4ff75389c89f8f7b9f690200,basketball court,disabled access play area,-122.62887,45.515327,disabled access picnic area,paths : paved,picnic tables,playground,softball field,statue or public art,,,,,,,,,,,,,,Fri May 15 2015 16:34:02 GMT+0000 (UTC),Fri May 15 2015 16:34:02 GMT+0000 (UTC)
N Flint Ave & Russell St,3.94,Lillis-Albina Park,238,CC/NW,0,1940,97227,4ff75389c89f8f7b9f130200,picnic tables,playground,-122.669757,45.540389,soccer field,softball field,,,,,,,,,,,,,,,,,,Fri May 15 2015 16:34:02 GMT+0000 (UTC),Fri May 15 2015 16:34:02 GMT+0000 (UTC)
N Greeley Ave & Going Ct,8.85,Madrona Park,247,N,0,1921,97203,4ff75389c89f8f7b9f1c0200,basketball court,natural area,-122.693537,45.557479,paths : unpaved,playground,,,,,,,,,,,,,,,,,,Fri May 15 2015 16:34:02 GMT+0000 (UTC),Fri May 15 2015 16:34:02 GMT+0000 (UTC)
SW Naito Pkwy & Taylor St,0,Mill Ends Park,265,CC/NW,0,1976,97204,4ff75389c89f8f7b9f250200,,,-122.673231,45.516194,,,,,,,,,,,,,,,,,,,,Fri May 15 2015 16:34:02 GMT+0000 (UTC),Fri May 15 2015 16:34:02 GMT+0000 (UTC)
SE 135th Ave & Main St,3.83,North Powellhurst Park,449,OE,0,1993,97266,4ff75389c89f8f7b9f340200,paths : unpaved,,-122.522945,45.513848,,,,,,,,,,,,,,,,,,,,Fri May 15 2015 16:34:02 GMT+0000 (UTC),Fri May 15 2015 16:34:02 GMT+0000 (UTC)
SE 155th Ave & Main St,25.02,Parklane Park,501,OE,0,1993,97233,4ff75389c89f8f7b9f3c0200,basketball court,disabled access play area,-122.504348,45.5144,paths : unpaved,picnic tables,playground,soccer field,softball field,,,,,,,,,,,,,,,Fri May 15 2015 16:34:02 GMT+0000 (UTC),Fri May 15 2015 16:34:02 GMT+0000 (UTC)
324 NE 12th Ave,0,Portland Tennis Center,525,CC/NW,0,1973,97232,4ff75389c89f8f7b9f490200,paths : paved,picnic tables,-122.652729,45.525493,tennis court :  indoor,tennis court,wireless Internet access,,,,,,,,,,,,,,,,,Fri May 15 2015 16:34:02 GMT+0000 (UTC),Fri May 15 2015 16:34:02 GMT+0000 (UTC)
1236 NE Roselawn St,0.12,Roselawn Park,574,NE,0,1996,97211,4ff75389c89f8f7b9f540200,,,-122.652848,45.561032,,,,,,,,,,,,,,,,,,,,Fri May 15 2015 16:34:02 GMT+0000 (UTC),Fri May 15 2015 16:34:02 GMT+0000 (UTC)
5300 N Marine Drive,205.71,Smith & Bybee Wetlands Natural Area,672,N,0,1961,97203,4ff75389c89f8f7b9f600200,natural area,paths : paved,-122.717822,45.611935,statue or public art,trails : hiking,canoe launch,,,,,,,,,,,,,,,,,Fri May 15 2015 16:34:02 GMT+0000 (UTC),Fri May 15 2015 16:34:02 GMT+0000 (UTC)
5134-5138 N Albina St,0.08,Sumner-Albina Park,714,NE,0,1998,97217,4ff75389c89f8f7b9f680200,paths : paved,,-122.674743,45.560282,,,,,,,,,,,,,,,,,,,,Fri May 15 2015 16:34:02 GMT+0000 (UTC),Fri May 15 2015 16:34:02 GMT+0000 (UTC)
NW 29th Ave & Upshur St,0,Macleay Park,246,CC/NW,0,1897,97210,4ff75389c89f8f7b9f1b0200,disabled access restroom,natural area,-122.720834,45.529476,statue or public art,trails : hiking,,,,,,,,,,,,,,,,,,Fri May 15 2015 16:34:02 GMT+0000 (UTC),Fri May 15 2015 16:34:02 GMT+0000 (UTC)
N Wall Ave & Princeton St,4.52,McKenna Park,259,N,0,1940,97203,4ff75389c89f8f7b9f220200,basketball court,paths : paved,-122.73299,45.581913,picnic tables,playground,soccer field,softball field,,,,,,,,,,,,,,,,Fri May 15 2015 16:34:02 GMT+0000 (UTC),Fri May 15 2015 16:34:02 GMT+0000 (UTC)
SE 7th Ave & Sellwood Blvd,141.22,Oaks Bottom Wildlife Refuge,490,SE,0,1959,97202,4ff75389c89f8f7b9f370200,natural area,paths : paved,-122.65535,45.476616,trails : biking,trails : hiking,visitor attraction,,,,,,,,,,,,,,,,,Fri May 15 2015 16:34:02 GMT+0000 (UTC),Fri May 15 2015 16:34:02 GMT+0000 (UTC)
SW Broadway & Yamhill St,1.55,Pioneer Courthouse Square,515,CC/NW,0,1979,97205,4ff75389c89f8f7b9f450200,fountain,statue or public art,-122.679291,45.518877,wireless Internet access,,,,,,,,,,,,,,,,,,,Fri May 15 2015 16:34:02 GMT+0000 (UTC),Fri May 15 2015 16:34:02 GMT+0000 (UTC)
NE Rocky Butte Rd,17.28,Rocky Butte Natural Area,568,NE,0,1988,97220,4ff75389c89f8f7b9f510200,natural area,paths : unpaved,-122.567353,45.546045,trails : hiking,vista point,,,,,,,,,,,,,,,,,,Fri May 15 2015 16:34:02 GMT+0000 (UTC),Fri May 15 2015 16:34:02 GMT+0000 (UTC)
SE 31st Ave & Market St,5.09,Sewallcrest Park,670,SE,0,1940,97214,4ff75389c89f8f7b9f5f0200,basketball court,disabled access play area,-122.632949,45.509733,dog off-leash area,paths : paved,picnic tables,playground,soccer field,softball field,,,,,,,,,,,,,,Fri May 15 2015 16:34:02 GMT+0000 (UTC),Fri May 15 2015 16:34:02 GMT+0000 (UTC)
7519 N Burlington Ave,1.25,St Johns Racquet Center,682,N,0,1977,97203,4ff75389c89f8f7b9f660200,tennis court :  indoor,tennis court,-122.754737,45.591379,,,,,,,,,,,,,,,,,,,,Fri May 15 2015 16:34:02 GMT+0000 (UTC),Fri May 15 2015 16:34:02 GMT+0000 (UTC)
NE 138th Ave & Thompson St,4.33,Thompson Park,814,OE,0,1986,97230,4ff75389c89f8f7b9f720200,,,-122.517106,45.539535,,,,,,,,,,,,,,,,,,,,Fri May 15 2015 16:34:02 GMT+0000 (UTC),Fri May 15 2015 16:34:02 GMT+0000 (UTC)
SW 39th Ave & Pomona St,14.67,West Portland Park Natural Area,849,SW,0,1995,97219,4ff75389c89f8f7b9f800200,natural area,,-122.71816,45.443671,,,,,,,,,,,,,,,,,,,,Fri May 15 2015 16:34:02 GMT+0000 (UTC),Fri May 15 2015 16:34:02 GMT+0000 (UTC)
SW 6th Ave - Sheridan St to Slavin St,98.87,Terwilliger Parkway,793,SW,0,1912,97201,4ff75389c89f8f7b9f6d0200,paths : paved,picnic tables,-122.683638,45.491363,playground,trails : biking,trails : hiking,,,,,,,,,,,,,,,,,Fri May 15 2015 16:34:02 GMT+0000 (UTC),Fri May 15 2015 16:34:02 GMT+0000 (UTC)
SW 55th Ave & Iowa St,0.35,Vermont Hills Community Garden,833,SW,0,1978,97221,4ff75389c89f8f7b9f780200,community garden,,-122.734849,45.480551,,,,,,,,,,,,,,,,,,,,Fri May 15 2015 16:34:02 GMT+0000 (UTC),Fri May 15 2015 16:34:02 GMT+0000 (UTC)
1151 SW Vermont St,0.47,Wilson Pool,863,SW,0,1957,97219,4ff75389c89f8f7b9f890200,swimming pool : outdoor,,-122.690714,45.477585,,,,,,,,,,,,,,,,,,,,Fri May 15 2015 16:34:02 GMT+0000 (UTC),Fri May 15 2015 16:34:02 GMT+0000 (UTC)
2206 N Skidmore St,5.86,Mocks Crest Property,906,N,0,1998,97217,4ff75389c89f8f7b9f990200,natural area,,-122.690884,45.554176,,,,,,,,,,,,,,,,,,,,Fri May 15 2015 16:34:02 GMT+0000 (UTC),Fri May 15 2015 16:34:02 GMT+0000 (UTC)
SE 44th Ave & Powell Blvd,0,Creston Pool,1107,SE,0,,,4ff75389c89f8f7b9fb10200,swimming pool : outdoor,,-122.616346,45.496557,,,,,,,,,,,,,,,,,,,,Fri May 15 2015 16:34:02 GMT+0000 (UTC),Fri May 15 2015 16:34:02 GMT+0000 (UTC)
N Seneca St & St Johns Ave,0,Pier Pool,1126,N,0,1940,97203,4ff75389c89f8f7b9fbf0200,swimming pool : outdoor,,-122.754952,45.599145,,,,,,,,,,,,,,,,,,,,Fri May 15 2015 16:34:02 GMT+0000 (UTC),Fri May 15 2015 16:34:02 GMT+0000 (UTC)
SE 57th Ave & Cooper St,0,Brentwood Community Garden,1216,SE,0,1996,97206,4ff75389c89f8f7b9fd10200,community garden,,-122.604414,45.472725,,,,,,,,,,,,,,,,,,,,Fri May 15 2015 16:34:02 GMT+0000 (UTC),Fri May 15 2015 16:34:02 GMT+0000 (UTC)
10819 SW Capitol Hwy,1.72,Holly Farm Park,1239,SW,0,2003,97219,4ff75389c89f8f7b9fdc0200,disabled access play area,paths : paved,-122.726293,45.447183,picnic tables,playground,skatepark,,,,,,,,,,,,,,,,,Fri May 15 2015 16:34:02 GMT+0000 (UTC),Fri May 15 2015 16:34:02 GMT+0000 (UTC)
5109 SE 66th Ave,0,Arleta SUN Community School,1276,SE,0,,97206,4ff75389c89f8f7b9fe90200,community school,,-122.596282,45.486027,,,,,,,,,,,,,,,,,,,,Fri May 15 2015 16:34:02 GMT+0000 (UTC),Fri May 15 2015 16:34:02 GMT+0000 (UTC)
5800 SE Ash St,0,Mt Tabor SUN Community School,1285,SE,0,,97215,4ff75389c89f8f7b9ff00200,community school,,-122.60406,45.521044,,,,,,,,,,,,,,,,,,,,Fri May 15 2015 16:34:02 GMT+0000 (UTC),Fri May 15 2015 16:34:02 GMT+0000 (UTC)
SE 107th Ave & Henderson St,3.17,PlayHaven Park,812,OE,0,2001,97266,4ff75389c89f8f7b9f700200,basketball court,disabled access play area,-122.5524,45.468632,disabled access restroom,paths : paved,picnic tables,playground,,,,,,,,,,,,,,,,Fri May 15 2015 16:34:02 GMT+0000 (UTC),Fri May 15 2015 16:34:02 GMT+0000 (UTC)
NE 66th Ave & Mason St,3.97,Wellington Park,846,NE,0,1941,97218,4ff75389c89f8f7b9f7f0200,disabled access play area,disabled access restroom,-122.59445,45.553204,paths : paved,picnic tables,playground,soccer field,,,,,,,,,,,,,,,,Fri May 15 2015 16:34:02 GMT+0000 (UTC),Fri May 15 2015 16:34:02 GMT+0000 (UTC)
5905 SE 43rd Ave,0.11,Woodstock Community Center,867,SE,0,1958,97206,4ff75389c89f8f7b9f8d0200,community center,,-122.618794,45.479771,,,,,,,,,,,,,,,,,,,,Fri May 15 2015 16:34:02 GMT+0000 (UTC),Fri May 15 2015 16:34:02 GMT+0000 (UTC)
SE 106th Ave & Stark St,0.4,Stark Street Island Park,917,OE,0,1986,97216,4ff75389c89f8f7b9f9e0200,fountain,paths : paved,-122.553458,45.518788,,,,,,,,,,,,,,,,,,,,Fri May 15 2015 16:34:02 GMT+0000 (UTC),Fri May 15 2015 16:34:02 GMT+0000 (UTC)
NE 57th Ave & Hassalo St,0,Normandale Park - Erv Lind Stadium,1110,NE,0,,97213,4ff75389c89f8f7b9fb40200,baseball field,stadium,-122.606026,45.530897,,,,,,,,,,,,,,,,,,,,Fri May 15 2015 16:34:02 GMT+0000 (UTC),Fri May 15 2015 16:34:02 GMT+0000 (UTC)
7951 SE 7th Ave,0,Sellwood Pool,1130,SE,0,1929,97202,4ff75389c89f8f7b9fc20200,swimming pool : outdoor,,-122.659433,45.466412,,,,,,,,,,,,,,,,,,,,Fri May 15 2015 16:34:02 GMT+0000 (UTC),Fri May 15 2015 16:34:02 GMT+0000 (UTC)
SE 104th Ave & Powell Blvd,0,Portland Memory Garden,1202,OE,0,,97266,4ff75389c89f8f7b9fcf0200,public garden,visitor attraction,-122.555593,45.495204,,,,,,,,,,,,,,,,,,,,Fri May 15 2015 16:34:02 GMT+0000 (UTC),Fri May 15 2015 16:34:02 GMT+0000 (UTC)
SE 21st Ave & Harney St,0.23,Sellwood Community Garden,1230,SE,0,2004,97202,4ff75389c89f8f7b9fd80200,community garden,,-122.643381,45.462397,,,,,,,,,,,,,,,,,,,,Fri May 15 2015 16:34:02 GMT+0000 (UTC),Fri May 15 2015 16:34:02 GMT+0000 (UTC)
17650 SE Brooklyn St,0,Centennial SUN Community School,1278,SE,0,,97236,4ff75389c89f8f7b9feb0200,community school,,-122.479217,45.501737,,,,,,,,,,,,,,,,,,,,Fri May 15 2015 16:34:02 GMT+0000 (UTC),Fri May 15 2015 16:34:02 GMT+0000 (UTC)
SE 37th Ave & Tenino St,7.69,Tideman Johnson Natural Area,815,SE,0,1940,97202,4ff75389c89f8f7b9f730200,natural area,paths : paved,-122.622582,45.462725,paths : unpaved,trails : hiking,,,,,,,,,,,,,,,,,,Fri May 15 2015 16:34:02 GMT+0000 (UTC),Fri May 15 2015 16:34:02 GMT+0000 (UTC)
SW Water Ave & Gibbs St,0.25,Water & Gibbs Community Garden,844,SW,0,1976,97201,4ff75389c89f8f7b9f7e0200,community garden,,-122.677283,45.499214,,,,,,,,,,,,,,,,,,,,Fri May 15 2015 16:34:02 GMT+0000 (UTC),Fri May 15 2015 16:34:02 GMT+0000 (UTC)
SW 45th Ave & Woods St,36.22,Woods Memorial Natural Area,866,SW,0,1988,97219,4ff75389c89f8f7b9f8c0200,natural area,paths : unpaved,-122.723899,45.458719,picnic tables,trails : hiking,,,,,,,,,,,,,,,,,,Fri May 15 2015 16:34:02 GMT+0000 (UTC),Fri May 15 2015 16:34:02 GMT+0000 (UTC)
320 SE 16th Ave,0,Buckman Pool,892,SE,0,,97214,4ff75389c89f8f7b9f920200,swimming pool : indoor,,-122.648524,45.520397,,,,,,,,,,,,,,,,,,,,Fri May 15 2015 16:34:02 GMT+0000 (UTC),Fri May 15 2015 16:34:02 GMT+0000 (UTC)
4015 SW Canyon Rd,0,"Portland Children's Museum",1016,CC/NW,0,1997,97221,4ff75389c89f8f7b9fa50200,museum,statue or public art,-122.717919,45.508489,,,,,,,,,,,,,,,,,,,,Fri May 15 2015 16:34:02 GMT+0000 (UTC),Fri May 15 2015 16:34:02 GMT+0000 (UTC)
700 N Rosa Parks Way,0,Peninsula Park Community Center & Pool,1124,N,0,1913,97217,4ff75389c89f8f7b9fbd0200,basketball court : indoor,community center,-122.673587,45.569665,gymnasium,meeting room : reservable,party room : reservable,swimming pool : outdoor,,,,,,,,,,,,,,,,Fri May 15 2015 16:34:02 GMT+0000 (UTC),Fri May 15 2015 16:34:02 GMT+0000 (UTC)
318 N Fremont St,0.25,Boise-Eliot Community Garden,1205,N,0,1990,97227,4ff75389c89f8f7b9fd00200,community garden,,-122.669632,45.547993,,,,,,,,,,,,,,,,,,,,Fri May 15 2015 16:34:02 GMT+0000 (UTC),Fri May 15 2015 16:34:02 GMT+0000 (UTC)
5416 SE Flavel Dr,1.02,Hazeltine Park,1237,SE,0,2001,97206,4ff75389c89f8f7b9fdb0200,,,-122.607832,45.465486,,,,,,,,,,,,,,,,,,,,Fri May 15 2015 16:34:02 GMT+0000 (UTC),Fri May 15 2015 16:34:02 GMT+0000 (UTC)
12500 SE Ramona St,0,Alice Ott SUN Community School,1275,SE,0,,97236,4ff75389c89f8f7b9fe80200,community school,,-122.534693,45.479455,,,,,,,,,,,,,,,,,,,,Fri May 15 2015 16:34:02 GMT+0000 (UTC),Fri May 15 2015 16:34:02 GMT+0000 (UTC)
SE 115th Ave & Stark St,7.25,Ventura Park,832,OE,0,1986,97216,4ff75389c89f8f7b9f770200,disabled access play area,paths : paved,-122.544893,45.519547,picnic tables,playground,statue or public art,,,,,,,,,,,,,,,,,Fri May 15 2015 16:34:02 GMT+0000 (UTC),Fri May 15 2015 16:34:02 GMT+0000 (UTC)
3655 NE 154th Ave,1.49,Wilkes Park,857,OE,0,1998,97230,4ff75389c89f8f7b9f840200,basketball court,disabled access play area,-122.504563,45.549951,paths : paved,playground,,,,,,,,,,,,,,,,,,Fri May 15 2015 16:34:02 GMT+0000 (UTC),Fri May 15 2015 16:34:02 GMT+0000 (UTC)
NW Mountain View Park Rd,0,Holman Property,897,CC/NW,0,1939,97210,4ff75389c89f8f7b9f950200,natural area,,-122.721382,45.532112,,,,,,,,,,,,,,,,,,,,Fri May 15 2015 16:34:02 GMT+0000 (UTC),Fri May 15 2015 16:34:02 GMT+0000 (UTC)
7701 N Chautauqua Blvd,0,Columbia Pool,1106,N,0,1949,97203,4ff75389c89f8f7b9fb00200,swimming pool : indoor,,-122.708697,45.57958,,,,,,,,,,,,,,,,,,,,Fri May 15 2015 16:34:02 GMT+0000 (UTC),Fri May 15 2015 16:34:02 GMT+0000 (UTC)
10737 N Union Ct,0,Delta Park - Owens Sports Complex,1123,N,0,1997,97217,4ff75389c89f8f7b9fbc0200,baseball field,soccer field,-122.679401,45.599843,stadium,,,,,,,,,,,,,,,,,,,Fri May 15 2015 16:34:02 GMT+0000 (UTC),Fri May 15 2015 16:34:02 GMT+0000 (UTC)
9520 SW Lancaster Rd,9.58,Foley-Balmer Natural Area,1198,SW,0,1996,97219,4ff75389c89f8f7b9fcb0200,natural area,paths : unpaved,-122.69922,45.455695,,,,,,,,,,,,,,,,,,,,Fri May 15 2015 16:34:02 GMT+0000 (UTC),Fri May 15 2015 16:34:02 GMT+0000 (UTC)
N Campbell Ave & Going Ct,0.41,Beach Community Garden,1218,N,0,2003,97217,4ff75389c89f8f7b9fd30200,community garden,,-122.685676,45.556549,,,,,,,,,,,,,,,,,,,,Fri May 15 2015 16:34:02 GMT+0000 (UTC),Fri May 15 2015 16:34:02 GMT+0000 (UTC)
N Newman Ave & Fessenden St,0.25,McCoy Community Garden,1262,N,0,2004,97203,4ff75389c89f8f7b9fe30200,community garden,,-122.716319,45.590283,,,,,,,,,,,,,,,,,,,,Fri May 15 2015 16:34:02 GMT+0000 (UTC),Fri May 15 2015 16:34:02 GMT+0000 (UTC)
3119 SE Holgate Blvd,0,Grout SUN Community School,1282,SE,0,,97202,4ff75389c89f8f7b9fee0200,community school,,-122.633185,45.490995,,,,,,,,,,,,,,,,,,,,Fri May 15 2015 16:34:02 GMT+0000 (UTC),Fri May 15 2015 16:34:02 GMT+0000 (UTC)
Island,44.83,Ross Island Natural Area,1332,SE,0,2008,,4ff75389c89f8f7b9ffb0200,natural area,,-122.665382,45.491997,,,,,,,,,,,,,,,,,,,,Fri May 15 2015 16:34:02 GMT+0000 (UTC),Fri May 15 2015 16:34:02 GMT+0000 (UTC)
4000 SW Canyon Rd,0,Vietnam Veterans of Oregon Memorial,835,CC/NW,0,1987,97210,4ff75389c89f8f7b9f7a0200,fountain,historical site,-122.718431,45.512135,paths : unpaved,statue or public art,visitor attraction,memorial,,,,,,,,,,,,,,,,Fri May 15 2015 16:34:02 GMT+0000 (UTC),Fri May 15 2015 16:34:02 GMT+0000 (UTC)
NE 11th Ave & Claremont Ave,0.4,Woodlawn Community Garden,864,NE,0,1998,97211,4ff75389c89f8f7b9f8a0200,community garden,,-122.653105,45.574156,,,,,,,,,,,,,,,,,,,,Fri May 15 2015 16:34:02 GMT+0000 (UTC),Fri May 15 2015 16:34:02 GMT+0000 (UTC)
NW Germantown Rd,17.23,Clark & Wilson,894,CC/NW,0,1927,97231,4ff75389c89f8f7b9f940200,natural area,,-122.786209,45.590818,,,,,,,,,,,,,,,,,,,,Fri May 15 2015 16:34:02 GMT+0000 (UTC),Fri May 15 2015 16:34:02 GMT+0000 (UTC)
NE 7th Ave between Shaver St & Mason St,0.34,Two Plum Park,1010,NE,0,1996,97212,4ff75389c89f8f7b9fa40200,paths : paved,playground,-122.659025,45.552661,,,,,,,,,,,,,,,,,,,,Fri May 15 2015 16:34:02 GMT+0000 (UTC),Fri May 15 2015 16:34:02 GMT+0000 (UTC)
3756 SE Oak St,0,Laurelhurst Dance Studio,1114,SE,0,1947,97214,4ff75389c89f8f7b9fb80200,community center,,-122.624608,45.519894,,,,,,,,,,,,,,,,,,,,Fri May 15 2015 16:34:02 GMT+0000 (UTC),Fri May 15 2015 16:34:02 GMT+0000 (UTC)
SW 53rd Ave & Coronado St,2.7,Sylvania Park,1200,SW,0,2002,97219,4ff75389c89f8f7b9fcd0200,,,-122.731776,45.443193,,,,,,,,,,,,,,,,,,,,Fri May 15 2015 16:34:02 GMT+0000 (UTC),Fri May 15 2015 16:34:02 GMT+0000 (UTC)
N Iris Way & Barr Ave,0.98,Pier Community Garden,1236,N,0,2004,97203,4ff75389c89f8f7b9fda0200,community garden,,-122.748976,45.60036,,,,,,,,,,,,,,,,,,,,Fri May 15 2015 16:34:02 GMT+0000 (UTC),Fri May 15 2015 16:34:02 GMT+0000 (UTC)
NW 10th Ave & Marshall St,0.92,Tanner Springs Park,1273,CC/NW,0,2003,97209,4ff75389c89f8f7b9fe70200,paths : paved,statue or public art,-122.681914,45.531166,,,,,,,,,,,,,,,,,,,,Fri May 15 2015 16:34:02 GMT+0000 (UTC),Fri May 15 2015 16:34:02 GMT+0000 (UTC)
7200 SE 60th Ave,0,Lane SUN Community School,1283,SE,0,,97206,4ff75389c89f8f7b9fef0200,community school,,-122.601533,45.471341,,,,,,,,,,,,,,,,,,,,Fri May 15 2015 16:34:02 GMT+0000 (UTC),Fri May 15 2015 16:34:02 GMT+0000 (UTC)
9930 N Smith St,0,Sitton SUN Community School,1329,N,0,,97203,4ff75389c89f8f7b9ff90200,community school,,-122.75837,45.59993,,,,,,,,,,,,,,,,,,,,Fri May 15 2015 16:34:02 GMT+0000 (UTC),Fri May 15 2015 16:34:02 GMT+0000 (UTC)
SE 115th Ave & Division St,4.06,West Powellhurst Park,850,OE,0,1986,97266,4ff75389c89f8f7b9f810200,soccer field,softball field,-122.543977,45.502613,,,,,,,,,,,,,,,,,,,,Fri May 15 2015 16:34:02 GMT+0000 (UTC),Fri May 15 2015 16:34:02 GMT+0000 (UTC)
4619 N Michigan Ave,0.21,Patton Community Garden,885,NE,0,2002,97217,4ff75389c89f8f7b9f900200,community garden,,-122.677665,45.556704,,,,,,,,,,,,,,,,,,,,Fri May 15 2015 16:34:02 GMT+0000 (UTC),Fri May 15 2015 16:34:02 GMT+0000 (UTC)
SE 152nd Ave & Belmore St,43.16,Clatsop Butte Park,925,OE,0,2000,97236,4ff75389c89f8f7b9fa20200,,,-122.503209,45.473925,,,,,,,,,,,,,,,,,,,,Fri May 15 2015 16:34:02 GMT+0000 (UTC),Fri May 15 2015 16:34:02 GMT+0000 (UTC)
NE 33rd Ave & US Grant Pl,0,Grant Pool,1112,NE,0,,97212,4ff75389c89f8f7b9fb60200,swimming pool : outdoor,,-122.628733,45.53985,,,,,,,,,,,,,,,,,,,,Fri May 15 2015 16:34:02 GMT+0000 (UTC),Fri May 15 2015 16:34:02 GMT+0000 (UTC)
810 NW 11th Ave,0.94,Jamison Square,1140,CC/NW,0,2000,97209,4ff75389c89f8f7b9fc70200,fountain,statue or public art,-122.681835,45.529034,,,,,,,,,,,,,,,,,,,,Fri May 15 2015 16:34:02 GMT+0000 (UTC),Fri May 15 2015 16:34:02 GMT+0000 (UTC)
11206 NE Prescott St,1.08,"Senn's Dairy Park",1224,OE,0,2000,97220,4ff75389c89f8f7b9fd70200,paths : unpaved,playground,-122.546734,45.554973,,,,,,,,,,,,,,,,,,,,Fri May 15 2015 16:34:02 GMT+0000 (UTC),Fri May 15 2015 16:34:02 GMT+0000 (UTC)
4043 NE Fremont St,0,Beaumont SUN Community School,1277,NE,0,,97212,4ff75389c89f8f7b9fea0200,community school,,-122.620918,45.548876,,,,,,,,,,,,,,,,,,,,Fri May 15 2015 16:34:02 GMT+0000 (UTC),Fri May 15 2015 16:34:02 GMT+0000 (UTC)
NE Rocky Butte Rd,2.38,Joseph Wood Hill Park,1291,NE,0,1988,97220,4ff75389c89f8f7b9ff20200,historical site,statue or public art,-122.56588,45.546437,vista point,wedding site : reservable,,,,,,,,,,,,,,,,,,Fri May 15 2015 16:34:02 GMT+0000 (UTC),Fri May 15 2015 16:34:02 GMT+0000 (UTC)
NE 117th Ave & Holladay St,0.34,Hazelwood Community Garden,1336,OE,0,2008,97220,4ff75389c89f8f7b9ffd0200,community garden,,-122.543268,45.530812,,,,,,,,,,,,,,,,,,,,Fri May 15 2015 16:34:02 GMT+0000 (UTC),Fri May 15 2015 16:34:02 GMT+0000 (UTC)
4841 SE Tenino Dr,0.37,Errol Heights Community Garden,1419,SE,0,2011,97206,4ff75389c89f8f7b9f140300,community garden,,-122.613652,45.465001,,,,,,,,,,,,,,,,,,,,Fri May 15 2015 16:34:02 GMT+0000 (UTC),Fri May 15 2015 16:34:02 GMT+0000 (UTC)
7040 NE 47th Ave,24.75,Whitaker Ponds Natural Area,856,NE,0,1998,97218,4ff75389c89f8f7b9f830200,baseball field,natural area,-122.610758,45.573653,trails : hiking,,,,,,,,,,,,,,,,,,,Fri May 15 2015 16:34:02 GMT+0000 (UTC),Fri May 15 2015 16:34:02 GMT+0000 (UTC)
1814-1816 SW River Pkwy,4.31,South Waterfront Park,916,CC/NW,0,1999,97201,4ff75389c89f8f7b9f9d0200,disabled access restroom,paths : paved,-122.672123,45.507855,statue or public art,canoe launch,,,,,,,,,,,,,,,,,,Fri May 15 2015 16:34:02 GMT+0000 (UTC),Fri May 15 2015 16:34:02 GMT+0000 (UTC)
12999 NE Holladay St,5.59,East Holladay Park,1109,OE,0,1993,97230,4ff75389c89f8f7b9fb30200,dog off-leash area,,-122.529206,45.530998,,,,,,,,,,,,,,,,,,,,Fri May 15 2015 16:34:02 GMT+0000 (UTC),Fri May 15 2015 16:34:02 GMT+0000 (UTC)
3229 NW Pittock Dr,54.21,Pittock Mansion Acres,1128,NW,0,1964,97210,4ff75389c89f8f7b9fc10200,trails : hiking,,-122.717618,45.524189,,,,,,,,,,,,,,,,,,,,Fri May 15 2015 16:34:02 GMT+0000 (UTC),Fri May 15 2015 16:34:02 GMT+0000 (UTC)
SW Naito Pkwy & Curry St,0.23,Front & Curry Community Garden,1217,SW,0,1952,97201,4ff75389c89f8f7b9fd20200,community garden,,-122.678278,45.497723,,,,,,,,,,,,,,,,,,,,Fri May 15 2015 16:34:02 GMT+0000 (UTC),Fri May 15 2015 16:34:02 GMT+0000 (UTC)
2425 SE Bybee Blvd,0.41,Eastmoreland Garden,1255,SE,0,2004,,4ff75389c89f8f7b9fdf0200,public garden,paths : unpaved,-122.636076,45.474039,,,,,,,,,,,,,,,,,,,,Fri May 15 2015 16:34:02 GMT+0000 (UTC),Fri May 15 2015 16:34:02 GMT+0000 (UTC)
3039 NE Rosa Parks Way,0,Faubion SUN Community School,1280,NE,0,,97211,4ff75389c89f8f7b9fec0200,community school,,-122.63493,45.571086,,,,,,,,,,,,,,,,,,,,Fri May 15 2015 16:34:02 GMT+0000 (UTC),Fri May 15 2015 16:34:02 GMT+0000 (UTC)
SW Washington Way & Wright Ave,0,Oregon Holocaust Memorial,1330,SW,0,,97204,4ff75389c89f8f7b9ffa0200,statue or public art,visitor attraction,-122.703755,45.522314,memorial,,,,,,,,,,,,,,,,,,,Fri May 15 2015 16:34:02 GMT+0000 (UTC),Fri May 15 2015 16:34:02 GMT+0000 (UTC)
3508 SW Moody Ave,2.12,Caruthers Park,1385,SW,0,2009,97239,4ff75389c89f8f7b9f030300,bocce court,paths : paved,-122.671354,45.497141,statue or public art,splash pad,,,,,,,,,,,,,,,,,,Fri May 15 2015 16:34:02 GMT+0000 (UTC),Fri May 15 2015 16:34:02 GMT+0000 (UTC)
N Hunt St & Courtenay Ave,0.23,Portsmouth Community Garden,884,N,0,2001,97203,4ff75389c89f8f7b9f8f0200,community garden,,-122.71911,45.585551,,,,,,,,,,,,,,,,,,,,Fri May 15 2015 16:34:02 GMT+0000 (UTC),Fri May 15 2015 16:34:02 GMT+0000 (UTC)
7720 SW Macadam Ave,16.06,Willamette Moorage,921,SW,0,1984,97219,4ff75389c89f8f7b9fa00200,boat dock,natural area,-122.669331,45.468391,paths : paved,,,,,,,,,,,,,,,,,,,Fri May 15 2015 16:34:02 GMT+0000 (UTC),Fri May 15 2015 16:34:02 GMT+0000 (UTC)
SE McLoughlin Blvd & Nehalem St,0,Westmoreland Park - Sckavone Stadium,1111,SE,0,,97202,4ff75389c89f8f7b9fb50200,baseball field,stadium,-122.639641,45.466476,,,,,,,,,,,,,,,,,,,,Fri May 15 2015 16:34:02 GMT+0000 (UTC),Fri May 15 2015 16:34:02 GMT+0000 (UTC)
SE 92nd Ave & Holgate Blvd,0,Lents Park - Walker Stadium,1135,OE,0,1912,97266,4ff75389c89f8f7b9fc50200,baseball field,stadium,-122.570099,45.488713,,,,,,,,,,,,,,,,,,,,Fri May 15 2015 16:34:02 GMT+0000 (UTC),Fri May 15 2015 16:34:02 GMT+0000 (UTC)
SW 11th Dr & Arnold St,0.48,Arnold Creek Natural Area,1221,SW,0,1995,97219,4ff75389c89f8f7b9fd40200,natural area,,-122.690039,45.4456,,,,,,,,,,,,,,,,,,,,Fri May 15 2015 16:34:02 GMT+0000 (UTC),Fri May 15 2015 16:34:02 GMT+0000 (UTC)
5401 NE Prescott St,0.3,Rigler Community Garden,1261,NE,0,2004,97218,4ff75389c89f8f7b9fe20200,community garden,,-122.609204,45.555728,,,,,,,,,,,,,,,,,,,,Fri May 15 2015 16:34:02 GMT+0000 (UTC),Fri May 15 2015 16:34:02 GMT+0000 (UTC)
7334 NE Siskiyou St,0,Roseway Heights SUN Community School,1281,NE,0,,97213,4ff75389c89f8f7b9fed0200,community school,,-122.587435,45.54411,,,,,,,,,,,,,,,,,,,,Fri May 15 2015 16:34:02 GMT+0000 (UTC),Fri May 15 2015 16:34:02 GMT+0000 (UTC)
815 SW Park Ave,0.46,Director Park,1335,CC/NW,0,2009,97205,4ff75389c89f8f7b9ffc0200,fountain,statue or public art,-122.681402,45.518678,visitor attraction,,,,,,,,,,,,,,,,,,,Fri May 15 2015 16:34:02 GMT+0000 (UTC),Fri May 15 2015 16:34:02 GMT+0000 (UTC)
SE 104th Ave & Bush St,0.23,Ed Benedict Community Garden,1418,OE,0,2011,97266,4ff75389c89f8f7b9f130300,community garden,,-122.554896,45.495165,,,,,,,,,,,,,,,,,,,,Fri May 15 2015 16:34:02 GMT+0000 (UTC),Fri May 15 2015 16:34:02 GMT+0000 (UTC)
12003 NE Shaver St,0,Parkrose SUN Community School,1286,NE,0,,97220,4ff75389c89f8f7b9ff10200,community school,,-122.539827,45.552747,,,,,,,,,,,,,,,,,,,,Fri May 15 2015 16:34:02 GMT+0000 (UTC),Fri May 15 2015 16:34:02 GMT+0000 (UTC)
SW 1st St & Lincoln St,0.34,Portland Center Park,1327,CC/NW,0,1963,97201,4ff75389c89f8f7b9ff80200,paths : paved,statue or public art,-122.679832,45.506849,,,,,,,,,,,,,,,,,,,,Fri May 15 2015 16:34:02 GMT+0000 (UTC),Fri May 15 2015 16:34:02 GMT+0000 (UTC)
2735 NE 82nd Ave,0.25,Madison Community Garden,1372,NE,0,2010,97220,4ff75389c89f8f7b9f000300,community garden,,-122.579701,45.541656,,,,,,,,,,,,,,,,,,,,Fri May 15 2015 16:34:02 GMT+0000 (UTC),Fri May 15 2015 16:34:02 GMT+0000 (UTC)
N Houghton St & Burrage St,0.38,Kenton Community Garden,1430,N,0,2011,97217,4ff75389c89f8f7b9f190300,community garden,,-122.695452,45.587343,,,,,,,,,,,,,,,,,,,,Fri May 15 2015 16:34:02 GMT+0000 (UTC),Fri May 15 2015 16:34:02 GMT+0000 (UTC)
SE 26th Ave & Powell Blvd,8.08,Powell Park,530,SE,0,1921,97202,4ff75389c89f8f7b9f4c0200,baseball field,basketball court,-122.641598,45.497828,disabled access restroom,disabled access picnic area,paths : paved,paths : unpaved,picnic site : reservable,playground,soccer field,volleyball court,picnic shelter,,,,,,,,,,,Fri May 15 2015 16:34:02 GMT+0000 (UTC),Fri May 15 2015 16:34:02 GMT+0000 (UTC)
NE 33rd Ave & Skidmore St,14.4,Wilshire Park,862,NE,0,1940,97211,4ff75389c89f8f7b9f880200,disabled access restroom,disabled access picnic area,-122.628111,45.552917,dog off-leash area,paths : paved,paths : unpaved,picnic site : reservable,picnic tables,playground,soccer field,softball field,horseshoe pit,,volleyball court,picnic shelter,,,,,,,,Fri May 15 2015 16:34:02 GMT+0000 (UTC),Fri May 15 2015 16:34:02 GMT+0000 (UTC)
SW 55th Ave & Iowa St,5.52,Pendleton Park,503,SW,0,1955,97221,4ff75389c89f8f7b9f3e0200,baseball field,basketball court,-122.732112,45.480477,disabled access play area,disabled access restroom,paths : paved,paths : unpaved,picnic tables,playground,soccer field,statue or public art,,,,,,,,,,,,Fri May 15 2015 16:34:02 GMT+0000 (UTC),Fri May 15 2015 16:34:02 GMT+0000 (UTC)
740 SE 106th Ave,0,East Portland Community Center & Pool,104,OE,0,1998,97216,4ff75389c89f8f7b9fc20100,basketball court : indoor,community center,-122.553131,45.515794,fitness room,gymnasium,kitchen : reservable,meeting room : reservable,party room : reservable,swimming pool : indoor,weight room,rock climbing wall,,,,,,,,,,,,Fri May 15 2015 16:34:02 GMT+0000 (UTC),Fri May 15 2015 16:34:02 GMT+0000 (UTC)
N Marine Dr & Lombard St,104.16,Kelley Point Park,209,N,0,1984,97203,4ff75389c89f8f7b9f010200,disabled access restroom,historical site,-122.76407,45.645946,paths : paved,paths : unpaved,picnic site : reservable,picnic tables,statue or public art,trails : hiking,vista point,canoe launch,,,,,,,,,,,,Fri May 15 2015 16:34:02 GMT+0000 (UTC),Fri May 15 2015 16:34:02 GMT+0000 (UTC)
SE 110th Ave & Francis St,0.28,Boyles Community Garden,1325,OE,0,2007,97266,4ff75389c89f8f7b9ff60200,community garden,,-122.551358,45.493224,,,,,,,,,,,,,,,,,,,,Fri May 15 2015 16:34:02 GMT+0000 (UTC),Fri May 15 2015 16:34:02 GMT+0000 (UTC)
SE 130th Ave & Boise St,0.44,Gilbert Heights Community Garden,1396,OE,0,2010,97236,4ff75389c89f8f7b9f070300,community garden,,-122.530438,45.492003,,,,,,,,,,,,,,,,,,,,Fri May 15 2015 16:34:02 GMT+0000 (UTC),Fri May 15 2015 16:34:02 GMT+0000 (UTC)
2245 NE 36th Ave,0.16,Grant Community Garden,1439,NE,0,2011,97212,4ff75389c89f8f7b9f1b0300,community garden,,-122.626279,45.539711,,,,,,,,,,,,,,,,,,,,Fri May 15 2015 16:34:02 GMT+0000 (UTC),Fri May 15 2015 16:34:02 GMT+0000 (UTC)
6820 SW 45th Ave,0,Southwest Community Center & Pool,1132,SW,0,1999,97219,4ff75389c89f8f7b9fc30200,basketball court : indoor,community center,-122.72204,45.475823,fitness room,gymnasium,kitchen : reservable,meeting room : reservable,party room : reservable,swimming pool : indoor,weight room,rock climbing wall,wireless Internet access,,,,,,,,,,,Fri May 15 2015 16:34:02 GMT+0000 (UTC),Fri May 15 2015 16:34:02 GMT+0000 (UTC)
NE 62nd Ave & Tillamook St,0,Rose City Park,573,NE,0,1920,97213,4ff75389c89f8f7b9f530200,disabled access play area,disabled access restroom,-122.598361,45.538357,paths : paved,paths : unpaved,picnic tables,playground,soccer field,softball field,tennis court,tennis court :  lighted,,,,,,,,,,,,Fri May 15 2015 16:34:02 GMT+0000 (UTC),Fri May 15 2015 16:34:02 GMT+0000 (UTC)
SW 21st Ave & Capitol Hill Rd,6.49,Custer Park,31,SW,0,1954,97219,4ff75389c89f8f7b9fa20100,disabled access play area,disabled access restroom,-122.700453,45.470594,paths : paved,playground,soccer field,softball field,,,,,,,,,,,,,,,,Fri May 15 2015 16:34:02 GMT+0000 (UTC),Fri May 15 2015 16:34:02 GMT+0000 (UTC)
77 NE Knott St,1.5,Matt Dishman Community Center & Pool,1117,NE,0,1950,97212,4ff75389c89f8f7b9fb90200,basketball court : indoor,community center,-122.665148,45.542166,fitness room,gymnasium,meeting room : reservable,party room : reservable,stage : indoor,statue or public art,swimming pool : indoor,weight room,,,,,,,,,,,,Fri May 15 2015 16:34:02 GMT+0000 (UTC),Fri May 15 2015 16:34:02 GMT+0000 (UTC)
SE 7th Ave & Miller St,16.65,Sellwood Park,666,SE,0,1909,97202,4ff75389c89f8f7b9f5c0200,baseball field,basketball court,-122.660276,45.46776,disabled access restroom,disabled access picnic area,football field,paths : paved,paths : unpaved,picnic site : reservable,picnic tables,playground,soccer field,,softball field,tennis court,horseshoe pit,,,,,,,Fri May 15 2015 16:34:02 GMT+0000 (UTC),Fri May 15 2015 16:34:02 GMT+0000 (UTC)
NW 29th Ave & Upshur St to Newberry Rd,5171,Forest Park,127,CC/NW,0,1947,97210-97229-97231,4ff75389c89f8f7b9fd30100,natural area,tours : guided,-122.77147,45.572037,trails : biking,trails : equestrian,trails : hiking,visitor attraction,vista point,,,,,,,,,,,,,,,Fri May 15 2015 16:34:02 GMT+0000 (UTC),Fri May 15 2015 16:34:02 GMT+0000 (UTC)
NE 112th Ave & Prescott St,0.39,"Senn's Community Garden",1326,OE,0,2007,97220,4ff75389c89f8f7b9ff70200,community garden,,-122.546585,45.554699,,,,,,,,,,,,,,,,,,,,Fri May 15 2015 16:34:02 GMT+0000 (UTC),Fri May 15 2015 16:34:02 GMT+0000 (UTC)
12727 SE Market St,0.2,Peace Community Garden,1337,OE,0,2008,,4ff75389c89f8f7b9ffe0200,community garden,,-122.532108,45.512342,,,,,,,,,,,,,,,,,,,,Fri May 15 2015 16:34:02 GMT+0000 (UTC),Fri May 15 2015 16:34:02 GMT+0000 (UTC)
NE 52nd Ave & Pacific St,0.23,Frazer Community Garden,1420,NE,0,2011,97213,4ff75389c89f8f7b9f150300,community garden,,-122.611224,45.530417,,,,,,,,,,,,,,,,,,,,Fri May 15 2015 16:34:02 GMT+0000 (UTC),Fri May 15 2015 16:34:02 GMT+0000 (UTC)
SE 92nd Ave & Holgate Blvd,38.14,Lents Park,234,OE,0,1914,97266,4ff75389c89f8f7b9f110200,baseball field,basketball court,-122.570483,45.487348,disabled access play area,disabled access restroom,disabled access picnic area,dog off-leash area,football field,paths : paved,paths : unpaved,picnic site : reservable,picnic tables,,playground,soccer field,softball field,stage,tennis court,horseshoe pit,tennis court :  lighted,,,Fri May 15 2015 16:34:02 GMT+0000 (UTC),Fri May 15 2015 16:34:02 GMT+0000 (UTC)
N Lombard St & Bruce Ave,87.43,Pier Park,513,N,0,1920,97203,4ff75389c89f8f7b9f440200,baseball field,basketball court,-122.755599,45.602589,disabled access restroom,disabled access picnic area,disc golf,paths : paved,paths : unpaved,picnic site : reservable,picnic tables,playground,skatepark,,soccer field,softball field,tennis court,splash pad,picnic shelter,,,,,Fri May 15 2015 16:34:02 GMT+0000 (UTC),Fri May 15 2015 16:34:02 GMT+0000 (UTC)
SE 100th Ave & Powell Blvd,12.75,Ed Benedict Park,112,OE,0,1988,97266,4ff75389c89f8f7b9fc70100,basketball court,disabled access play area,-122.558062,45.49522,disabled access restroom,public garden,paths : paved,paths : unpaved,picnic tables,playground,skatepark,soccer field,statue or public art,,wedding site : reservable,,,,,,,,,Fri May 15 2015 16:34:02 GMT+0000 (UTC),Fri May 15 2015 16:34:02 GMT+0000 (UTC)
SE 17th Ave & Taylor St,5.88,Colonel Summers Park,12,SE,0,1921,97214,4ff75389c89f8f7b9f960100,basketball court,disabled access picnic area,-122.64692,45.515669,paths : paved,picnic site : reservable,picnic tables,playground,softball field,statue or public art,tennis court,volleyball court,picnic shelter,,,,,,,,,,,Fri May 15 2015 16:34:02 GMT+0000 (UTC),Fri May 15 2015 16:34:02 GMT+0000 (UTC)
9009 N Foss Ave,0,University Park Community Center,825,N,0,1953,97217,4ff75389c89f8f7b9f760200,basketball court : indoor,community center,-122.711306,45.587692,fitness room,gymnasium,meeting room : reservable,party room : reservable,stage : indoor,statue or public art,weight room,rock climbing wall,computer lab,,wireless Internet access,,,,,,,,,Fri May 15 2015 16:34:02 GMT+0000 (UTC),Fri May 15 2015 16:34:02 GMT+0000 (UTC)
NE 81st Ave & Everett St,0.36,Vestal Community Garden,1383,SE,0,2010,97215,4ff75389c89f8f7b9f010300,community garden,,-122.580771,45.524882,,,,,,,,,,,,,,,,,,,,Fri May 15 2015 16:34:02 GMT+0000 (UTC),Fri May 15 2015 16:34:02 GMT+0000 (UTC)
NE 47th Ave & Sumner St,0.35,Sumner Street Community Garden,1423,NE,0,2011,97218,4ff75389c89f8f7b9f170300,community garden,,-122.615431,45.559691,,,,,,,,,,,,,,,,,,,,Fri May 15 2015 16:34:02 GMT+0000 (UTC),Fri May 15 2015 16:34:02 GMT+0000 (UTC)
SE 44th Ave & Powell Blvd,14.41,Creston Park,25,SE,0,1920,97206,4ff75389c89f8f7b9f9f0100,disabled access play area,disabled access restroom,-122.616553,45.496292,disabled access picnic area,dog off-leash area,paths : paved,picnic site : reservable,picnic tables,playground,softball field,horseshoe pit,,,,,,,,,,,,Fri May 15 2015 16:34:02 GMT+0000 (UTC),Fri May 15 2015 16:34:02 GMT+0000 (UTC)
N Fremont St & Interstate Ave,10.93,Overlook Park,497,N,0,1930,97227,4ff75389c89f8f7b9f3b0200,baseball field,basketball court,-122.682802,45.54852,disabled access restroom,disabled access picnic area,dog off-leash area,paths : paved,paths : unpaved,picnic site : reservable,picnic tables,playground,soccer field,,softball field,track,volleyball court,picnic shelter,,,,,,Fri May 15 2015 16:34:02 GMT+0000 (UTC),Fri May 15 2015 16:34:02 GMT+0000 (UTC)
Head of SW Park Place,159.7,Washington Park,841,CC/NW,0,1871,97210,4ff75389c89f8f7b9f7d0200,disabled access play area,disabled access restroom,-122.707115,45.516287,fountain,historical site,paths : paved,paths : unpaved,picnic site : reservable,picnic tables,playground,soccer field,stage,,statue or public art,tennis court,trails : hiking,visitor attraction,vista point,wedding site : reservable,tennis court :  lighted,picnic shelter,,Fri May 15 2015 16:34:02 GMT+0000 (UTC),Fri May 15 2015 16:34:02 GMT+0000 (UTC)
NE 33rd Ave & US Grant Pl,19.9,Grant Park,167,NE,0,1922,97212,4ff75389c89f8f7b9fe50100,baseball field,basketball court,-122.628899,45.539725,disabled access play area,disabled access restroom,dog off-leash area,football field,fountain,paths : paved,paths : unpaved,picnic site : reservable,picnic tables,,playground,soccer field,softball field,statue or public art,tennis court,track,tennis court :  lighted,splash pad,picnic shelter,Fri May 15 2015 16:34:02 GMT+0000 (UTC),Fri May 15 2015 16:34:02 GMT+0000 (UTC)
SE 60th Ave & Salmon St,190.82,Mt Tabor Park,275,SE,0,1909,97215,4ff75389c89f8f7b9f290200,basketball court,disabled access play area,-122.595278,45.511448,disabled access restroom,disabled access picnic area,dog off-leash area,paths : paved,paths : unpaved,picnic site : reservable,picnic tables,playground,stage,,statue or public art,tennis court,wedding site : reservable,horseshoe pit,volleyball court,tennis court :  lighted,picnic shelter,,,Fri May 15 2015 16:34:02 GMT+0000 (UTC),Fri May 15 2015 16:34:02 GMT+0000 (UTC)
SE 28th Ave & Woodstock Blvd,9.49,Crystal Springs Rhododendron Garden,27,SE,0,1923,97202,4ff75389c89f8f7b9fa00100,disabled access restroom,fountain,-122.636068,45.47866,public garden,paths : paved,paths : unpaved,tours : guided,visitor attraction,wedding site : reservable,,,,,,,,,,,,,,Fri May 15 2015 16:34:02 GMT+0000 (UTC),Fri May 15 2015 16:34:02 GMT+0000 (UTC)
SE 117th Ave & Reedway St,0.44,Furey Community Garden,1410,OE,0,2011,97266,4ff75389c89f8f7b9f0c0300,community garden,,-122.542082,45.481097,,,,,,,,,,,,,,,,,,,,Fri May 15 2015 16:34:02 GMT+0000 (UTC),Fri May 15 2015 16:34:02 GMT+0000 (UTC)
3839 N Melrose Dr,0,Overlook House,1441,N,0,1955,97227,4ff75389c89f8f7b9f1d0300,wedding site : reservable,,0,0,,,,,,,,,,,,,,,,,,,,Fri May 15 2015 16:34:02 GMT+0000 (UTC),Fri May 15 2015 16:34:02 GMT+0000 (UTC)
5530 SE 72nd Ave,0,Mt Scott Community Center & Pool,1120,SE,0,1949,97206,4ff75389c89f8f7b9fbb0200,basketball court : indoor,community center,-122.588589,45.482337,fitness room,gymnasium,kitchen : reservable,meeting room : reservable,party room : reservable,roller skating,stage : indoor,swimming pool : indoor,weight room,,,,,,,,,,,Fri May 15 2015 16:34:02 GMT+0000 (UTC),Fri May 15 2015 16:34:02 GMT+0000 (UTC)
SE 47th Ave & Steele St,14.11,Woodstock Park,868,SE,0,1921,97206,4ff75389c89f8f7b9f8e0200,disabled access play area,disabled access restroom,-122.612628,45.483653,dog off-leash area,paths : paved,picnic site : reservable,picnic tables,playground,soccer field,softball field,statue or public art,tennis court,,horseshoe pit,,,,,,,,,Fri May 15 2015 16:34:02 GMT+0000 (UTC),Fri May 15 2015 16:34:02 GMT+0000 (UTC)
NE 57th Ave & Halsey St,14.39,Normandale Park,444,NE,0,1940,97213,4ff75389c89f8f7b9f320200,basketball court,disabled access play area,-122.606203,45.531807,disabled access restroom,dog off-leash area,football field,paths : paved,paths : unpaved,picnic site : reservable,picnic tables,playground,soccer field,,softball field,volleyball court,picnic shelter,,,,,,,Fri May 15 2015 16:34:02 GMT+0000 (UTC),Fri May 15 2015 16:34:02 GMT+0000 (UTC)
N Kerby Ave & Farragut St,14,Farragut Park,119,NE,0,1940,97217,4ff75389c89f8f7b9fcd0100,basketball court,disabled access play area,-122.670481,45.58022,disabled access restroom,paths : paved,picnic tables,playground,softball field,splash pad,,,,,,,,,,,,,,Fri May 15 2015 16:34:02 GMT+0000 (UTC),Fri May 15 2015 16:34:02 GMT+0000 (UTC)
SE 79th Ave & Center St,4.44,Essex Park,116,SE,0,1940,97206,4ff75389c89f8f7b9fca0100,baseball field,basketball court,-122.583644,45.49441,disabled access play area,disabled access restroom,paths : paved,picnic tables,playground,tennis court,tennis court :  lighted,splash pad,,,,,,,,,,,,Fri May 15 2015 16:34:02 GMT+0000 (UTC),Fri May 15 2015 16:34:02 GMT+0000 (UTC)
6704 SE 122nd Ave,15.85,Leach Botanical Garden,226,OE,0,1972,97236,4ff75389c89f8f7b9f0f0200,fountain,public garden,-122.534821,45.474252,gift shop,meeting room : reservable,paths : unpaved,tours : guided,visitor attraction,wedding site : reservable,,,,,,,,,,,,,,Fri May 15 2015 16:34:02 GMT+0000 (UTC),Fri May 15 2015 16:34:02 GMT+0000 (UTC)
N Newark St & Van Houten Ave,0.14,Clarendon Community Garden,1425,N,0,2011,97203,4ff75389c89f8f7b9f180300,community garden,,-122.723485,45.58986,,,,,,,,,,,,,,,,,,,,Fri May 15 2015 16:34:02 GMT+0000 (UTC),Fri May 15 2015 16:34:02 GMT+0000 (UTC)
SW Macadam Ave & Nebraska St,26.49,Willamette Park,861,SW,0,1929,97219,4ff75389c89f8f7b9f870200,boat dock,boat ramp,-122.669976,45.474634,disabled access restroom,disabled access picnic area,dog off-leash area,paths : paved,paths : unpaved,picnic site : reservable,picnic tables,playground,soccer field,,tennis court,tennis court :  lighted,canoe launch,picnic shelter,,,,,,Fri May 15 2015 16:34:02 GMT+0000 (UTC),Fri May 15 2015 16:34:02 GMT+0000 (UTC)
SE McLoughlin Blvd & Bybee Blvd,42.01,Westmoreland Park,852,SE,0,1927,97202,4ff75389c89f8f7b9f820200,baseball field,basketball court,-122.640808,45.469723,disabled access restroom,football field,paths : paved,paths : unpaved,picnic site : reservable,picnic tables,playground,soccer field,softball field,,statue or public art,tennis court,,,,,,,,Fri May 15 2015 16:34:02 GMT+0000 (UTC),Fri May 15 2015 16:34:02 GMT+0000 (UTC)
SE 55th Ave & Woodward St,12.55,Clinton Park,10,SE,0,1948,97206,4ff75389c89f8f7b9f940100,basketball court,disabled access play area,-122.60491,45.503025,disabled access restroom,paths : paved,picnic tables,playground,soccer field,softball field,tennis court,,,,,,,,,,,,,Fri May 15 2015 16:34:02 GMT+0000 (UTC),Fri May 15 2015 16:34:02 GMT+0000 (UTC)
NW 19th Ave & Glisan St,2.39,Couch Park,23,CC/NW,0,1977,97209,4ff75389c89f8f7b9f9d0100,basketball court,disabled access restroom,-122.69151,45.52671,dog off-leash area,paths : paved,playground,statue or public art,,,,,,,,,,,,,,,,Fri May 15 2015 16:34:02 GMT+0000 (UTC),Fri May 15 2015 16:34:02 GMT+0000 (UTC)
NE 37th Ave & Ainsworth St,26.63,Fernhill Park,120,NE,0,1940,97211,4ff75389c89f8f7b9fce0100,baseball field,dog off-leash area,-122.623023,45.566579,paths : paved,picnic tables,playground,soccer field,softball field,tennis court,track,horseshoe pit,volleyball court,,,,,,,,,,,Fri May 15 2015 16:34:02 GMT+0000 (UTC),Fri May 15 2015 16:34:02 GMT+0000 (UTC)
SE 135th Ave & Mill St,7.07,Lincoln Park,239,OE,0,1993,97233,4ff75389c89f8f7b9f140200,disabled access play area,paths : paved,-122.526158,45.509461,paths : unpaved,picnic tables,playground,horseshoe pit,volleyball court,,,,,,,,,,,,,,,Fri May 15 2015 16:34:02 GMT+0000 (UTC),Fri May 15 2015 16:34:02 GMT+0000 (UTC)
N Trenton St & Newman Ave,3.82,McCoy Park,1258,N,0,2005,97203,4ff75389c89f8f7b9fe10200,basketball court,disabled access play area,-122.716352,45.589772,disabled access restroom,disabled access picnic area,paths : paved,picnic site : reservable,picnic tables,playground,statue or public art,splash pad,picnic shelter,,,,,,,,,,,Fri May 15 2015 16:34:02 GMT+0000 (UTC),Fri May 15 2015 16:34:02 GMT+0000 (UTC)
N Lombard St & Woolsey Ave,35.37,Columbia Park,17,N,0,1891,97203,4ff75389c89f8f7b9f990100,baseball field,baseball field,-122.711147,45.578976,baseball field,disabled access restroom,disabled access picnic area,paths : paved,picnic site : reservable,picnic tables,playground,soccer field,softball field,soccer,tennis court,volleyball court,tennis court :  lighted,splash pad,picnic shelter,,,,,Fri May 15 2015 16:34:02 GMT+0000 (UTC),Fri May 15 2015 16:34:02 GMT+0000 (UTC)
SE Cesar E Chavez Blvd & Stark St,31.13,Laurelhurst Park,224,SE,0,1909,97214,4ff75389c89f8f7b9f0d0200,basketball court,disabled access play area,-122.626157,45.521077,disabled access restroom,disabled access picnic area,dog off-leash area,historical site,paths : paved,paths : unpaved,picnic site : reservable,picnic tables,playground,,soccer field,statue or public art,tennis court,horseshoe pit,volleyball court,,,,,Fri May 15 2015 16:34:02 GMT+0000 (UTC),Fri May 15 2015 16:34:02 GMT+0000 (UTC)
NW 25th Ave & Raleigh St,5.39,Wallace Park,839,CC/NW,0,1920,97210,4ff75389c89f8f7b9f7b0200,basketball court,disabled access play area,-122.703871,45.533258,disabled access restroom,disabled access picnic area,dog off-leash area,paths : paved,picnic site : reservable,picnic tables,playground,soccer field,softball field,,statue or public art,tennis court,horseshoe pit,picnic shelter,,,,,,Fri May 15 2015 16:34:02 GMT+0000 (UTC),Fri May 15 2015 16:34:02 GMT+0000 (UTC)
SW Patton Rd & Old Orchard Rd,5.3,Portland Heights Park,523,SW,0,1945,97201,4ff75389c89f8f7b9f470200,basketball court,disabled access play area,-122.708084,45.504202,disabled access restroom,paths : paved,paths : unpaved,picnic tables,playground,soccer field,softball field,tennis court,tennis court :  lighted,,,,,,,,,,,Fri May 15 2015 16:34:02 GMT+0000 (UTC),Fri May 15 2015 16:34:02 GMT+0000 (UTC)
8219 NE Glisan St,0,Montavilla Community Center & Pool,1119,SE,0,1930,97220,4ff75389c89f8f7b9fba0200,basketball court : indoor,community center,-122.578376,45.526907,gymnasium,kitchen : reservable,meeting room : reservable,party room : reservable,swimming pool : outdoor,,,,,,,,,,,,,,,Fri May 15 2015 16:34:02 GMT+0000 (UTC),Fri May 15 2015 16:34:02 GMT+0000 (UTC)
3229 NW Pittock Dr,0,Pittock Mansion,1127,NW,0,1964,97210,4ff75389c89f8f7b9fc00200,gift shop,historical site,-122.716266,45.525195,museum,paths : paved,picnic tables,statue or public art,tours : guided,trails : hiking,visitor attraction,vista point,,,,,,,,,,,,Fri May 15 2015 16:34:02 GMT+0000 (UTC),Fri May 15 2015 16:34:02 GMT+0000 (UTC)
NE 82nd Ave & Glisan St,9.46,Montavilla Park,268,NE,0,1921,97220,4ff75389c89f8f7b9f270200,disabled access play area,disabled access restroom,-122.57803,45.527815,disabled access picnic area,paths : paved,paths : unpaved,picnic site : reservable,picnic tables,playground,soccer field,softball field,tennis court,,picnic shelter,,,,,,,,,Fri May 15 2015 16:34:02 GMT+0000 (UTC),Fri May 15 2015 16:34:02 GMT+0000 (UTC)
SW 45th Ave & Vermont St,90.65,Gabriel Park,136,SW,0,1950,97219,4ff75389c89f8f7b9fda0100,baseball field,basketball court,-122.719804,45.473031,disabled access play area,disabled access restroom,disabled access picnic area,dog off-leash area,paths : paved,paths : unpaved,picnic site : reservable,picnic tables,playground,,skatepark,soccer field,softball field,tennis court,volleyball court,tennis court :  lighted,,,,Fri May 15 2015 16:34:02 GMT+0000 (UTC),Fri May 15 2015 16:34:02 GMT+0000 (UTC)
68 SW Miles St,0,Fulton Park Community Center,134,SW,0,1941,97219,4ff75389c89f8f7b9fd80100,basketball court : indoor,community center,-122.678945,45.470966,gymnasium,kitchen : reservable,meeting room : reservable,stage : indoor,,,,,,,,,,,,,,,,Fri May 15 2015 16:34:02 GMT+0000 (UTC),Fri May 15 2015 16:34:02 GMT+0000 (UTC)
700 N Rosa Parks Way,16.27,Peninsula Park,507,N,0,1909,97217,4ff75389c89f8f7b9f400200,basketball court,disabled access restroom,-122.67359,45.568158,disabled access picnic area,fountain,public garden,paths : paved,picnic site : reservable,picnic tables,playground,rose garden,soccer field,,softball field,stage,statue or public art,tennis court,wedding site : reservable,horseshoe pit,tennis court :  lighted,splash pad,picnic shelter,Fri May 15 2015 16:34:02 GMT+0000 (UTC),Fri May 15 2015 16:34:02 GMT+0000 (UTC)
NE 13th Ave & Dekum St,7.58,Woodlawn Park,865,NE,0,1975,97211,4ff75389c89f8f7b9f8b0200,basketball court,disabled access play area,-122.653579,45.572825,disabled access restroom,paths : paved,picnic tables,playground,softball field,stage,statue or public art,splash pad,,,,,,,,,,,,Fri May 15 2015 16:34:02 GMT+0000 (UTC),Fri May 15 2015 16:34:02 GMT+0000 (UTC)
NE 117th Ave & Knott St,12.39,Knott Park,220,OE,0,1986,97220,4ff75389c89f8f7b9f0a0200,disabled access play area,disabled access restroom,-122.544808,45.540661,paths : paved,paths : unpaved,picnic tables,playground,soccer field,softball field,,,,,,,,,,,,,,Fri May 15 2015 16:34:02 GMT+0000 (UTC),Fri May 15 2015 16:34:02 GMT+0000 (UTC)
NE 7th Ave & Fremont St,16.26,Irving Park,195,NE,0,1920,97212,4ff75389c89f8f7b9ff60100,baseball field,basketball court,-122.656689,45.547083,disabled access restroom,dog off-leash area,paths : paved,picnic site : reservable,picnic tables,playground,soccer field,softball field,tennis court,,horseshoe pit,volleyball court,tennis court :  lighted,,,,,,,Fri May 15 2015 16:34:02 GMT+0000 (UTC),Fri May 15 2015 16:34:02 GMT+0000 (UTC)
SW Council Crest Dr,43.51,Council Crest Park,24,SW,0,1937,97201,4ff75389c89f8f7b9f9e0100,dog off-leash area,paths : paved,-122.707926,45.498861,paths : unpaved,picnic tables,statue or public art,vista point,wedding site : reservable,,,,,,,,,,,,,,,Fri May 15 2015 16:34:02 GMT+0000 (UTC),Fri May 15 2015 16:34:02 GMT+0000 (UTC)
SW 2nd Ave & Woods St,3.24,Lair Hill Park,222,CC/NW,0,1927,97201,4ff75389c89f8f7b9f0c0200,disabled access play area,paths : paved,-122.680531,45.501629,picnic tables,playground,statue or public art,tennis court,tennis court :  lighted,,,,,,,,,,,,,,,Fri May 15 2015 16:34:02 GMT+0000 (UTC),Fri May 15 2015 16:34:02 GMT+0000 (UTC)
NE 6th Ave & Humboldt St,3,King School Park,217,NE,0,1979,97211,4ff75389c89f8f7b9f070200,basketball court,paths : paved,-122.659988,45.557229,paths : unpaved,picnic tables,playground,soccer field,softball field,tennis court,track,,,,,,,,,,,,,Fri May 15 2015 16:34:02 GMT+0000 (UTC),Fri May 15 2015 16:34:02 GMT+0000 (UTC)
4000 SW Fairview Blvd,321.04,Hoyt Arboretum,189,CC/NW,0,1922,97221,4ff75389c89f8f7b9ff30100,disabled access restroom,disabled access picnic area,-122.716734,45.514781,gift shop,natural area,paths : unpaved,picnic site : reservable,trails : hiking,visitor attraction,wedding site : reservable,arboretum,picnic shelter,,,,,,,,,,,Fri May 15 2015 16:34:02 GMT+0000 (UTC),Fri May 15 2015 16:34:02 GMT+0000 (UTC)
400 SW Kingston Ave,0,Washington Park - International Rose Test Garden,1113,CC/NW,0,1917,97210,4ff75389c89f8f7b9fb70200,fountain,public garden,-122.705357,45.519259,gift shop,paths : paved,rose garden,statue or public art,tours : guided,visitor attraction,vista point,wedding site : reservable,,,,,,,,,,,,Fri May 15 2015 16:34:02 GMT+0000 (UTC),Fri May 15 2015 16:34:02 GMT+0000 (UTC)
N Bryant St & Delaware Ave,8.69,Arbor Lodge Park,52,N,0,1940,97217,4ff75389c89f8f7b9fae0100,disabled access play area,disabled access restroom,-122.693782,45.572655,dog off-leash area,paths : paved,picnic tables,playground,soccer field,softball field,statue or public art,tennis court,horseshoe pit,,tennis court :  lighted,,,,,,,,,Fri May 15 2015 16:34:02 GMT+0000 (UTC),Fri May 15 2015 16:34:02 GMT+0000 (UTC)
N Geneva Ave & Fessenden St,10.72,Northgate Park,451,N,0,1940,97203,4ff75389c89f8f7b9f350200,baseball field,disabled access play area,-122.725822,45.590305,disabled access restroom,paths : paved,picnic tables,playground,soccer field,softball field,tennis court,tennis court :  lighted,splash pad,,,,,,,,,,,Fri May 15 2015 16:34:02 GMT+0000 (UTC),Fri May 15 2015 16:34:02 GMT+0000 (UTC)
SE 118th Ave & Raymond St,5.94,Raymond Park,561,OE,0,1993,97266,4ff75389c89f8f7b9f4e0200,basketball court,disabled access play area,-122.542845,45.486433,paths : paved,picnic tables,playground,horseshoe pit,splash pad,,,,,,,,,,,,,,,Fri May 15 2015 16:34:02 GMT+0000 (UTC),Fri May 15 2015 16:34:02 GMT+0000 (UTC)